Broj naloga;Radna Jedinica;Datum Naloga; Datum Prijemnice;Tip Naloga; Iznos; Max Iznos
1832187;ZVEZDARA;23.07.2025;01.08.2025;WOMA;124948.60;124948.6
1832229;NOVI BEOGRAD;23.07.2025;04.08.2025;LOKALNO;4600.00;4600
1832214;ČUKARICA;23.07.2025;07.08.2025;SAJLA;15300.00;15300
1832194;ČUKARICA;23.07.2025;04.08.2025;WOMA;27500.00;27500
1832208;RAKOVICA;23.07.2025;04.08.2025;ZAMENA;21963.80;21963.8
1832261;STARI GRAD;23.07.2025;06.08.2025;LOKALNO;4600.00;4600
1832282;VOŽDOVAC;23.07.2025;07.08.2025;ZAMENA;11300.00;11300
1832296;ČUKARICA;23.07.2025;05.08.2025;ZAMENA;19227.80;19227.8
1832288;VRAČAR;23.07.2025;05.08.2025;ZAMENA;25757.60;25757.6
1832348;PALILULA;23.07.2025;08.08.2025;WOMA;33375;33375
1832360;PALILULA;23.07.2025;06.08.2025;ZAMENA;53372.00;53372
1832196;VRAČAR;23.07.2025;06.08.2025;SAJLA;9220.00;9220
1832197;PALILULA;23.07.2025;04.08.2025;WOMA;36300.00;36300
1832188;ZVEZDARA;23.07.2025;01.08.2025;ZAMENA;9264.00;9264
1832210;NOVI BEOGRAD;23.07.2025;04.08.2025;LOKALNO;4600.00;4600
1832219;ZVEZDARA;23.07.2025;05.08.2025;ZAMENA;62710.70;62710.7
1832195;ZVEZDARA;23.07.2025;01.08.2025;ZAMENA;5138.00;5138
1832262;STARI GRAD;23.07.2025;15.08.2025;ZAMENA;20388.40;20388.4
1832278;ZEMUN;23.07.2025;26.08.2025;KOPANJE;78871.80;78871.8
1832279;ZEMUN;23.07.2025;06.08.2025;LOKALNO;4600.00;4600
1832325;STARI GRAD;23.07.2025;15.08.2025;KOPANJE;117610.20;156658
1832361;PALILULA;23.07.2025;01.08.2025;ZAMENA;10526.40;10526.4
1832373;PALILULA;23.07.2025;05.08.2025;ZAMENA;5448.20;5448.2
1832390;STARI GRAD;23.07.2025;04.08.2025;WOMA;5000.00;5000
1832376;ZVEZDARA;23.07.2025;01.08.2025;ZAMENA;6814.00;6814
1832393;ZVEZDARA;23.07.2025;01.08.2025;WOMA;18300.00;18300
1832411;ČUKARICA;24.07.2025;18.08.2025;LOKALNO;4600.00;4600
1832444;ČUKARICA;24.07.2025;05.08.2025;ZAMENA;32373.40;32373.4
1832422;RAKOVICA;24.07.2025;01.08.2025;ZAMENA;30503.00;30503
1832441;VOŽDOVAC;24.07.2025;07.08.2025;ZAMENA;68936.80;68936.8
1832445;VOŽDOVAC;24.07.2025;07.08.2025;ZAMENA;11300.00;11300
1832417;ČUKARICA;24.07.2025;07.08.2025;ZAMENA;60693.90;60693.9
1832424;ČUKARICA;24.07.2025;08.08.2025;LOKALNO;4600.00;4600
1832528;VOŽDOVAC;24.07.2025;29.08.2025;ZAMENA;104154.00;104154
1832549;PALILULA;24.07.2025;06.08.2025;LOKALNO;4600.00;4600
1832529;ČUKARICA;24.07.2025;05.08.2025;ZAMENA;19191.40;19191.4
1832593;NOVI BEOGRAD;24.07.2025;06.08.2025;ZAMENA;6302.00;6302
1832634;STARI GRAD;24.07.2025;04.08.2025;KOPANJE;64653.20;64653.2
1832605;ZEMUN;24.07.2025;18.08.2025;LOKALNO;4600.00;4600
1832652;VOŽDOVAC;24.07.2025;04.08.2025;WOMA;70983.60;70983.6
1832729;RAKOVICA;25.07.2025;01.08.2025;ZAMENA;10053.60;10053.6
1832724;RAKOVICA;25.07.2025;01.08.2025;LOKALNO;4600.00;4600
1832609;ČUKARICA;24.07.2025;08.08.2025;WOMA;5000.00;5000
1832633;ČUKARICA;24.07.2025;01.08.2025;ZAMENA;39724.40;39724.4
1832673;STARI GRAD;24.07.2025;08.08.2025;ZAMENA;5938.00;5938
1832699;RAKOVICA;25.07.2025;04.08.2025;ZAMENA;24450.40;24450.4
1832656;ČUKARICA;25.07.2025;06.08.2025;LOKALNO;6900.00;6900
1832735;ČUKARICA;25.07.2025;08.08.2025;ZAMENA;36705.00;36705
1832778;VOŽDOVAC;25.07.2025;07.08.2025;ZAMENA;14900.00;14900
1832755;ZVEZDARA;25.07.2025;01.08.2025;WOMA;10850.00;10850
1832675;PALILULA;25.07.2025;13.08.2025;ZAMENA;27965.80;27965.8
1832730;VOŽDOVAC;25.07.2025;05.08.2025;SAJLA;10852.00;10852
1832732;VOŽDOVAC;25.07.2025;05.08.2025;SAJLA;14220.00;14220
1832816;RAKOVICA;25.07.2025;01.08.2025;LOKALNO;4600.00;4600
1832895;ZVEZDARA;25.07.2025;08.08.2025;ZAMENA;50822.80;50822.8
1833048;STARI GRAD;25.07.2025;07.08.2025;ZAMENA;20164.40;20164.4
1832881;PALILULA;25.07.2025;19.08.2025;ZAMENA;71383.00;73829.99999999999
1832889;RAKOVICA;25.07.2025;01.08.2025;LOKALNO;4600.00;4600
1832902;PALILULA;25.07.2025;04.08.2025;SAJLA;9220.00;9220
1832910;PALILULA;25.07.2025;01.08.2025;WOMA;82039.20;83708.2
1832829;ZVEZDARA;25.07.2025;01.08.2025;ZAMENA;16308.80;16308.8
1832859;STARI GRAD;25.07.2025;04.08.2025;LOKALNO;4600.00;4600
1832929;PALILULA;26.07.2025;14.08.2025;ZAMENA;45452.30;45452.3
1832947;PALILULA;26.07.2025;04.08.2025;ZAMENA;27083.80;27083.8
1832991;PALILULA;26.07.2025;06.08.2025;KOPANJE;85356.00;91813
1833124;NOVI BEOGRAD;26.07.2025;05.08.2025;SAJLA;9220.00;9220
1833125;RAKOVICA;26.07.2025;07.08.2025;WOMA;30900.00;30900
1833127;ČUKARICA;26.07.2025;01.08.2025;SAJLA;9220.00;9220
1833022;PALILULA;26.07.2025;04.08.2025;KOPANJE;17342.60;17342.6
1832975;STARI GRAD;26.07.2025;01.08.2025;LOKALNO;4600.00;4600
1833042;ZVEZDARA;26.07.2025;26.08.2025;LOKALNO;4600.00;4600
1833059;PALILULA;26.07.2025;05.08.2025;WOMA;33500.00;33500
1833088;PALILULA;26.07.2025;27.08.2025;SAJLA;14220.00;14220
1833089;PALILULA;26.07.2025;28.08.2025;ZAMENA;46975.30;50198.3
1833117;PALILULA;26.07.2025;14.08.2025;ZAMENA;15606.40;15606.4
1833123;PALILULA;26.07.2025;14.08.2025;SAJLA;12440.00;12440
1833102;PALILULA;26.07.2025;05.08.2025;WOMA;17500.00;17500
1832914;VOŽDOVAC;26.07.2025;05.08.2025;LOKALNO;4600.00;4600
1833183;PALILULA;26.07.2025;14.08.2025;ZAMENA;22624.40;22624.4
1833184;PALILULA;26.07.2025;05.08.2025;LOKALNO;4600.00;4600
1833275;STARI GRAD;27.07.2025;04.08.2025;WOMA;26400.00;26400
1833214;PALILULA;27.07.2025;05.08.2025;SAJLA;9220.00;9220
1833219;PALILULA;28.07.2025;13.08.2025;LOKALNO;4600.00;4600
1833371;ZVEZDARA;28.07.2025;01.08.2025;SAJLA;9220.00;9220
1833383;STARI GRAD;28.07.2025;28.08.2025;KOPANJE;66925.50;66925.5
1833432;RAKOVICA;28.07.2025;11.08.2025;LOKALNO;6900.00;6900
1833254;STARI GRAD;28.07.2025;07.08.2025;SAJLA;9220.00;9220
1833386;NOVI BEOGRAD;28.07.2025;01.08.2025;WOMA;30100.00;30100
1833266;PALILULA;28.07.2025;05.08.2025;ZAMENA;19897.40;47862.6
1833419;ZEMUN;28.07.2025;06.08.2025;WOMA;25500.00;25500
1833352;NOVI BEOGRAD;28.07.2025;14.08.2025;ZAMENA;24573.80;24573.8
1833421;ČUKARICA;28.07.2025;06.08.2025;ZAMENA;51156.90;51156.9
1833299;ČUKARICA;28.07.2025;08.08.2025;SAJLA;9220.00;9220
1832873;VRAČAR;28.07.2025;18.08.2025;ZAMENA;51741.20;59018.2
1833481;RAKOVICA;28.07.2025;08.08.2025;ZAMENA;16800.00;16800
1833291;RAKOVICA;28.07.2025;01.08.2025;ZAMENA;8089.80;8089.8
1833138;RAKOVICA;28.07.2025;04.08.2025;LOKALNO;4600.00;4600
1833526;STARI GRAD;28.07.2025;22.08.2025;ZAMENA;19467.80;20305.8
1833545;PALILULA;28.07.2025;01.08.2025;LOKALNO;4600.00;4600
1833205;RAKOVICA;28.07.2025;04.08.2025;ZAMENA;22013.00;22013
1833418;ČUKARICA;28.07.2025;06.08.2025;ZAMENA;27522.20;27522.2
1833423;NOVI BEOGRAD;28.07.2025;04.08.2025;LOKALNO;4600.00;4600
1833329;PALILULA;28.07.2025;01.08.2025;ZAMENA;14313.80;14313.8
1833287;ČUKARICA;28.07.2025;06.08.2025;ZAMENA;6676.40;6676.4
1833286;ČUKARICA;28.07.2025;07.08.2025;SAJLA;9220.00;14220
1833610;ČUKARICA;28.07.2025;05.08.2025;ZAMENA;26712.20;26712.2
1833285;ČUKARICA;28.07.2025;06.08.2025;ZAMENA;7806.30;7806.3
1833279;ČUKARICA;28.07.2025;06.08.2025;ZAMENA;41520.20;41520.2
1833098;RAKOVICA;28.07.2025;07.08.2025;WOMA;5000.00;5000
1833622;VOŽDOVAC;28.07.2025;01.08.2025;ZAMENA;120535.00;120535
1833650;ZVEZDARA;28.07.2025;01.08.2025;SAJLA;13300.00;13300
1833473;VOŽDOVAC;28.07.2025;05.08.2025;ZAMENA;9633.20;9633.2
1833464;VOŽDOVAC;28.07.2025;04.08.2025;ZAMENA;21301.60;21301.6
1833455;VOŽDOVAC;28.07.2025;06.08.2025;ZAMENA;25734.20;25734.2
1833638;ČUKARICA;28.07.2025;18.08.2025;LOKALNO;4600.00;4600
1833685;ČUKARICA;28.07.2025;01.08.2025;SAJLA;9220.00;14220
1833187;ČUKARICA;28.07.2025;08.08.2025;ZAMENA;41779.00;41779
1833177;ČUKARICA;28.07.2025;01.08.2025;LOKALNO;4600.00;4600
1833712;RAKOVICA;28.07.2025;15.08.2025;ZAMENA;27346.80;27346.8
1833459;VRAČAR;28.07.2025;08.08.2025;KOPANJE;39235.20;39235.2
1833704;RAKOVICA;28.07.2025;04.08.2025;WOMA;37500.00;37500
1833699;SAVSKI VENAC;28.07.2025;05.08.2025;LOKALNO;6900.00;6900
1833165;ČUKARICA;28.07.2025;19.08.2025;ZAMENA;28100.10;28100.100000000002
1833160;ČUKARICA;28.07.2025;04.08.2025;LOKALNO;4600.00;4600
1833147;ČUKARICA;28.07.2025;04.08.2025;ZAMENA;25636.20;25636.2
1833541;ZVEZDARA;28.07.2025;05.08.2025;ZAMENA;26036.40;26036.4
1833552;ZVEZDARA;28.07.2025;06.08.2025;ZAMENA;44375.20;44375.2
1833557;ZVEZDARA;28.07.2025;01.08.2025;ZAMENA;23190.50;23190.5
1833754;ZVEZDARA;28.07.2025;01.08.2025;ZAMENA;60600.00;60600
1833354;ZEMUN;28.07.2025;26.08.2025;KOPANJE;172711.20;172711.2
1832941;ČUKARICA;28.07.2025;18.08.2025;ZAMENA;16146.40;16146.4
1832958;ČUKARICA;28.07.2025;08.08.2025;LOKALNO;6900.00;6900
1833644;PALILULA;28.07.2025;06.08.2025;LOKALNO;4600.00;4600
1833647;PALILULA;28.07.2025;01.08.2025;LOKALNO;4600.00;4600
1833804;NOVI BEOGRAD;28.07.2025;05.08.2025;LOKALNO;4600.00;4600
1833803;PALILULA;28.07.2025;07.08.2025;ZAMENA;101924.80;114290.8
1833831;RAKOVICA;29.07.2025;07.08.2025;WOMA;22100.00;22100
1833255;VOŽDOVAC;29.07.2025;21.08.2025;ZAMENA;66642.80;66642.8
1833819;ČUKARICA;29.07.2025;05.08.2025;ZAMENA;20581.80;20581.8
1833817;ČUKARICA;29.07.2025;06.08.2025;LOKALNO;4600.00;4600
1833798;ČUKARICA;29.07.2025;04.08.2025;ZAMENA;47300.00;47300
1833777;ČUKARICA;29.07.2025;04.08.2025;ZAMENA;11100.00;11100
1833899;ZEMUN;29.07.2025;26.08.2025;ZAMENA;135741.00;135741
1833043;ČUKARICA;29.07.2025;08.08.2025;ZAMENA;48522.00;48522
1833793;NOVI BEOGRAD;29.07.2025;25.08.2025;ZAMENA;5244.00;5244
1832985;ČUKARICA;29.07.2025;08.08.2025;ZAMENA;49431.20;49431.2
1833864;PALILULA;29.07.2025;14.08.2025;ZAMENA;10648.40;10648.4
1833907;PALILULA;29.07.2025;04.08.2025;WOMA;36800.00;36800
1833843;ZVEZDARA;29.07.2025;05.08.2025;LOKALNO;4600.00;4600
1833802;ZVEZDARA;29.07.2025;05.08.2025;ZAMENA;8806.40;8806.4
1833824;ZVEZDARA;29.07.2025;05.08.2025;LOKALNO;4600.00;4600
1833830;ZVEZDARA;29.07.2025;05.08.2025;LOKALNO;4600.00;4600
1833833;ZVEZDARA;29.07.2025;01.08.2025;KOPANJE;60750.00;60750
1833728;VOŽDOVAC;29.07.2025;04.08.2025;SAJLA;9220.00;9220
1833837;STARI GRAD;29.07.2025;04.08.2025;LOKALNO;4600.00;4600
1833840;STARI GRAD;29.07.2025;15.08.2025;ZAMENA;28454.00;29386.8
1833844;STARI GRAD;29.07.2025;28.08.2025;KOPANJE;37850.70;37850.700000000004
1833939;STARI GRAD;29.07.2025;04.08.2025;ZAMENA;25739.70;25739.7
1833958;SAVSKI VENAC;29.07.2025;11.08.2025;LOKALNO;4600.00;4600
1833823;SAVSKI VENAC;29.07.2025;29.08.2025;LOKALNO;4600.00;4600
1833171;ZEMUN;29.07.2025;06.08.2025;ZAMENA;24039.00;26339
1833909;VOŽDOVAC;29.07.2025;04.08.2025;ZAMENA;6137.00;6137
1833877;VOŽDOVAC;29.07.2025;06.08.2025;LOKALNO;4600.00;4600
1833832;VOŽDOVAC;29.07.2025;27.08.2025;LOKALNO;4600.00;4600
1833827;VOŽDOVAC;29.07.2025;28.08.2025;WOMA;38100.00;38100
1833973;NOVI BEOGRAD;29.07.2025;11.08.2025;ZAMENA;53856.20;53856.2
1833977;NOVI BEOGRAD;29.07.2025;26.08.2025;ZAMENA;115779.80;150040.6
1834001;NOVI BEOGRAD;29.07.2025;12.08.2025;ZAMENA;85616.50;85616.50000000001
1834021;ČUKARICA;29.07.2025;08.08.2025;ZAMENA;89549.20;89549.2
1833988;PALILULA;29.07.2025;07.08.2025;ZAMENA;58143.40;59989.4
1834028;ČUKARICA;29.07.2025;01.08.2025;ZAMENA;29248.80;29248.8
1834036;ČUKARICA;29.07.2025;12.08.2025;ZAMENA;35143.00;35143
1834042;ČUKARICA;29.07.2025;18.08.2025;ZAMENA;5209.00;5209
1834059;ČUKARICA;29.07.2025;08.08.2025;ZAMENA;62395.40;62395.4
1834035;NOVI BEOGRAD;29.07.2025;01.08.2025;ZAMENA;15821.40;15821.4
1832987;VRAČAR;29.07.2025;04.08.2025;ZAMENA;27681.00;27681
1834014;STARI GRAD;29.07.2025;05.08.2025;LOKALNO;4600.00;4600
1834047;VRAČAR;29.07.2025;15.08.2025;ZAMENA;20183.05;20183.05
1834031;VRAČAR;29.07.2025;22.08.2025;ZAMENA;83660.80;83660.8
1833952;VRAČAR;29.07.2025;05.08.2025;WOMA;5000.00;5000
1834044;STARI GRAD;29.07.2025;11.08.2025;ZAMENA;24530.90;24530.9
1833807;PALILULA;29.07.2025;07.08.2025;LOKALNO;6900.00;6900
1833811;PALILULA;29.07.2025;01.08.2025;ZAMENA;8812.40;8812.4
1833813;PALILULA;29.07.2025;19.08.2025;ZAMENA;16812.40;16812.4
1833845;PALILULA;29.07.2025;29.08.2025;ZAMENA;105776.80;112482
1833846;PALILULA;29.07.2025;27.08.2025;ZAMENA;27391.72;27391.72
1833847;PALILULA;29.07.2025;14.08.2025;LOKALNO;4600.00;4600
1834023;PALILULA;29.07.2025;14.08.2025;LOKALNO;4600.00;4600
1833857;PALILULA;29.07.2025;14.08.2025;LOKALNO;4600.00;4600
1833849;PALILULA;29.07.2025;08.08.2025;WOMA;109141.86;109141.86000000002
1834050;PALILULA;29.07.2025;15.08.2025;KOPANJE;47746.40;47746.4
1834079;ZVEZDARA;29.07.2025;05.08.2025;ZAMENA;67791.40;67791.4
1834078;ZVEZDARA;29.07.2025;15.08.2025;WOMA;31800.00;31800
1834083;ZVEZDARA;29.07.2025;21.08.2025;KOPANJE;176757.00;176757
1834027;ZVEZDARA;29.07.2025;26.08.2025;LOKALNO;4600.00;4600
1834080;VRAČAR;30.07.2025;04.08.2025;KOPANJE;95349.50;95349.5
1833809;VRAČAR;30.07.2025;01.08.2025;KOPANJE;14247.20;14247.2
1833800;VRAČAR;30.07.2025;06.08.2025;LOKALNO;2300.00;2300
1833395;VRAČAR;30.07.2025;06.08.2025;ZAMENA;9012.20;9012.2
1833241;VRAČAR;30.07.2025;04.08.2025;SAJLA;12440.00;12440
1834090;ZVEZDARA;30.07.2025;04.08.2025;ZAMENA;120367.20;120367.20000000001
1834091;ZVEZDARA;30.07.2025;26.08.2025;LOKALNO;4600.00;4600
1834122;RAKOVICA;30.07.2025;20.08.2025;ZAMENA;20510.40;20510.4
1834101;RAKOVICA;30.07.2025;08.08.2025;LOKALNO;4600.00;4600
1834099;RAKOVICA;30.07.2025;11.08.2025;LOKALNO;4600.00;4600
1834087;RAKOVICA;30.07.2025;25.08.2025;KOPANJE;59694.40;59694.4
1834103;ČUKARICA;30.07.2025;20.08.2025;ZAMENA;7358.90;7358.9
1834076;ČUKARICA;30.07.2025;20.08.2025;LOKALNO;4600.00;4600
1834167;NOVI BEOGRAD;30.07.2025;06.08.2025;LOKALNO;6900.00;6900
1834147;ZEMUN;30.07.2025;06.08.2025;LOKALNO;4600.00;4600
1834170;VRAČAR;30.07.2025;04.08.2025;ZAMENA;23562.20;23562.2
1834119;VRAČAR;30.07.2025;05.08.2025;SAJLA;18988.80;18988.8
1834072;VOŽDOVAC;30.07.2025;05.08.2025;WOMA;32100.00;32100
1834124;VOŽDOVAC;30.07.2025;05.08.2025;WOMA;30100.00;30100
1834187;VOŽDOVAC;30.07.2025;05.08.2025;LOKALNO;4600.00;4600
1834100;ČUKARICA;30.07.2025;25.08.2025;ZAMENA;113483.00;113483
1834097;ČUKARICA;30.07.2025;05.08.2025;LOKALNO;4600.00;4600
1834194;VOŽDOVAC;30.07.2025;06.08.2025;LOKALNO;4600.00;4600
1834238;NOVI BEOGRAD;30.07.2025;19.08.2025;ZAMENA;5394.30;5394.3
1834243;ČUKARICA;30.07.2025;25.08.2025;ZAMENA;74837.50;74837.5
1834244;RAKOVICA;30.07.2025;15.08.2025;ZAMENA;20562.70;29593.9
1834259;SAVSKI VENAC;30.07.2025;08.08.2025;ZAMENA;27274.00;27274
1834216;VRAČAR;30.07.2025;01.08.2025;SAJLA;16220.00;16220
1834168;STARI GRAD;30.07.2025;12.08.2025;LOKALNO;4600.00;4600
1834289;NOVI BEOGRAD;30.07.2025;01.08.2025;SAJLA;10140.00;10140
1834279;ČUKARICA;30.07.2025;01.08.2025;LOKALNO;2300.00;2300
1834293;VRAČAR;30.07.2025;04.08.2025;LOKALNO;4600.00;4600
1834295;VRAČAR;30.07.2025;14.08.2025;ZAMENA;60752.00;60752
1834302;SAVSKI VENAC;30.07.2025;05.08.2025;LOKALNO;4600.00;4600
1834246;ZVEZDARA;30.07.2025;01.08.2025;SAJLA;14220.00;14220
1834198;ZVEZDARA;30.07.2025;01.08.2025;SAJLA;9220.00;9220
1834288;PALILULA;30.07.2025;01.08.2025;ZAMENA;21040.70;21040.7
1834315;PALILULA;30.07.2025;01.08.2025;WOMA;33500.00;33500
1834322;RAKOVICA;30.07.2025;04.08.2025;SAJLA;16520.00;16520
1834319;VRAČAR;30.07.2025;05.08.2025;LOKALNO;2300.00;2300
1834318;ZVEZDARA;30.07.2025;01.08.2025;LOKALNO;4600.00;4600
1834323;ČUKARICA;30.07.2025;04.08.2025;WOMA;33500.00;33500
1834320;VOŽDOVAC;30.07.2025;04.08.2025;SAJLA;9220.00;9220
1834325;NOVI BEOGRAD;30.07.2025;01.08.2025;SAJLA;9220.00;9220
1834327;STARI GRAD;30.07.2025;04.08.2025;LOKALNO;6900.00;6900
1834094;PALILULA;31.07.2025;19.08.2025;KOPANJE;26350.20;26350.2
1834345;ČUKARICA;31.07.2025;01.08.2025;LOKALNO;4600.00;4600
1834096;VOŽDOVAC;31.07.2025;04.08.2025;LOKALNO;4600.00;4600
1834296;STARI GRAD;31.07.2025;06.08.2025;ZAMENA;5808.00;5808
1834317;STARI GRAD;31.07.2025;28.08.2025;KOPANJE;64268.20;64268.2
1834321;STARI GRAD;31.07.2025;05.08.2025;LOKALNO;6900.00;6900
1834351;STARI GRAD;31.07.2025;06.08.2025;LOKALNO;4600.00;4600
1834358;ČUKARICA;31.07.2025;01.08.2025;LOKALNO;4600.00;4600
1834354;PALILULA;31.07.2025;11.08.2025;WOMA;5000.00;5000
1834341;ČUKARICA;31.07.2025;08.08.2025;ZAMENA;27510.20;27510.2
1834329;ČUKARICA;31.07.2025;05.08.2025;ZAMENA;30883.80;30883.8
1834386;RAKOVICA;31.07.2025;01.08.2025;SAJLA;12440.00;12440
1834396;ČUKARICA;31.07.2025;01.08.2025;SAJLA;9220.00;9220
1834400;STARI GRAD;31.07.2025;20.08.2025;ZAMENA;49088.80;49088.8
1834397;STARI GRAD;31.07.2025;01.08.2025;LOKALNO;4600.00;4600
1834372;STARI GRAD;31.07.2025;01.08.2025;SAJLA;9220.00;9220
1834406;ČUKARICA;31.07.2025;01.08.2025;SAJLA;9220.00;9220
1834404;ČUKARICA;31.07.2025;04.08.2025;WOMA;25500.00;25500
1834419;ČUKARICA;31.07.2025;04.08.2025;LOKALNO;4600.00;4600
1834410;ZVEZDARA;31.07.2025;11.08.2025;ZAMENA;54715.85;54715.85
1834417;PALILULA;31.07.2025;01.08.2025;LOKALNO;4600.00;4600
1834421;PALILULA;31.07.2025;14.08.2025;LOKALNO;4600.00;4600
1834401;VOŽDOVAC;31.07.2025;04.08.2025;LOKALNO;4600.00;4600
1834424;RAKOVICA;31.07.2025;08.08.2025;CRPLJENJE;4800.00;4800
1834426;VOŽDOVAC;31.07.2025;04.08.2025;SAJLA;13300.00;13300
1834444;ČUKARICA;31.07.2025;01.08.2025;ZAMENA;19900.00;19900
1834443;PALILULA;31.07.2025;01.08.2025;SAJLA;14220.00;14220
1834438;ZVEZDARA;31.07.2025;01.08.2025;SAJLA;9220.00;9220
1834445;NOVI BEOGRAD;31.07.2025;01.08.2025;SAJLA;9220.00;9220
1833959;ZVEZDARA;31.07.2025;06.08.2025;ZAMENA;6105.00;6105
1834376;NOVI BEOGRAD;31.07.2025;29.08.2025;ZAMENA;9344.40;9344.4
1834374;NOVI BEOGRAD;31.07.2025;01.08.2025;SAJLA;9220.00;9220
1834363;NOVI BEOGRAD;31.07.2025;08.08.2025;ZAMENA;22399.30;22399.3
1834353;NOVI BEOGRAD;31.07.2025;11.08.2025;ZAMENA;7667.20;7667.2
1834347;NOVI BEOGRAD;31.07.2025;06.08.2025;ZAMENA;6033.50;6033.5
1834310;NOVI BEOGRAD;31.07.2025;19.08.2025;ZAMENA;9114.80;9114.8
1834298;NOVI BEOGRAD;31.07.2025;04.08.2025;LOKALNO;6900.00;6900
1834436;NOVI BEOGRAD;31.07.2025;05.08.2025;LOKALNO;4600.00;4600
1834399;NOVI BEOGRAD;31.07.2025;11.08.2025;LOKALNO;4600.00;4600
1834395;NOVI BEOGRAD;31.07.2025;05.08.2025;ZAMENA;4273.00;4273
1834242;ZVEZDARA;31.07.2025;01.08.2025;LOKALNO;4600.00;4600
1834130;ZVEZDARA;31.07.2025;11.08.2025;ZAMENA;39928.04;39928.04
1834451;STARI GRAD;31.07.2025;01.08.2025;SAJLA;16220.00;16220
1834402;STARI GRAD;31.07.2025;08.08.2025;ZAMENA;7192.55;7192.55
1834465;ČUKARICA;31.07.2025;04.08.2025;LOKALNO;4600.00;4600
1834509;ZVEZDARA;31.07.2025;01.08.2025;WOMA;26720.00;26720
1834512;RAKOVICA;31.07.2025;01.08.2025;LOKALNO;4600.00;4600
1834460;NOVI BEOGRAD;31.07.2025;04.08.2025;WOMA;5000.00;5000
1834472;NOVI BEOGRAD;31.07.2025;06.08.2025;LOKALNO;4600.00;4600
1834475;NOVI BEOGRAD;31.07.2025;14.08.2025;LOKALNO;4600.00;4600
1834513;NOVI BEOGRAD;31.07.2025;01.08.2025;LOKALNO;2300.00;2300
1834490;NOVI BEOGRAD;31.07.2025;22.08.2025;ZAMENA;71715.00;71715
1834484;NOVI BEOGRAD;31.07.2025;08.08.2025;LOKALNO;4600.00;4600
1834496;ZEMUN;31.07.2025;26.08.2025;KOPANJE;150511.20;150511.2
1834493;ZEMUN;31.07.2025;20.08.2025;ZAMENA;12699.20;30964
1834491;ZEMUN;31.07.2025;06.08.2025;ZAMENA;10630.10;10630.1
1834497;ZVEZDARA;31.07.2025;06.08.2025;ZAMENA;8600.00;8600
1834535;NOVI BEOGRAD;31.07.2025;05.08.2025;SAJLA;9220;9220
1834534;STARI GRAD;31.07.2025;05.08.2025;SAJLA;12440.00;12440
1834394;ZVEZDARA;01.08.2025;06.08.2025;KOPANJE;43629.10;43629.100000000006
1834523;ČUKARICA;01.08.2025;04.08.2025;SAJLA;16220.00;16220
1834518;RAKOVICA;01.08.2025;04.08.2025;LOKALNO;4600.00;4600
1834541;SAVSKI VENAC;01.08.2025;05.08.2025;WOMA;17500.00;17500
1834548;NOVI BEOGRAD;01.08.2025;04.08.2025;SAJLA;9220.00;9220
1834542;NOVI BEOGRAD;01.08.2025;04.08.2025;SAJLA;14220.00;14220
1834550;NOVI BEOGRAD;01.08.2025;04.08.2025;SAJLA;11520.00;11520
1834564;NOVI BEOGRAD;01.08.2025;12.08.2025;LOKALNO;4600.00;4600
1834566;ČUKARICA;01.08.2025;04.08.2025;SAJLA;9220.00;9220
1834556;ČUKARICA;01.08.2025;04.08.2025;SAJLA;9220.00;9220
1834551;ČUKARICA;01.08.2025;04.08.2025;SAJLA;9220.00;9220
1834549;VRAČAR;01.08.2025;27.08.2025;LOKALNO;4600.00;4600
1834597;NOVI BEOGRAD;01.08.2025;14.08.2025;ZAMENA;23044.10;23044.1
1834599;NOVI BEOGRAD;01.08.2025;11.08.2025;ZAMENA;39157.00;39157
1834520;PALILULA;01.08.2025;01.08.2025;SAJLA;13300.00;13300
1834524;PALILULA;01.08.2025;27.08.2025;LOKALNO;4600.00;4600
1834526;PALILULA;01.08.2025;22.08.2025;ZAMENA;22372.20;22372.2
1834527;PALILULA;01.08.2025;27.08.2025;SAJLA;7300.00;7300
1834528;PALILULA;01.08.2025;15.08.2025;LOKALNO;4600.00;4600
1834546;PALILULA;01.08.2025;01.08.2025;ZAMENA;4687.20;4687.2
1834562;PALILULA;01.08.2025;19.08.2025;ZAMENA;43173.20;43173.2
1834574;PALILULA;01.08.2025;08.08.2025;WOMA;5000.00;5000
1834552;VOŽDOVAC;01.08.2025;05.08.2025;SAJLA;12300.00;12300
1834559;VOŽDOVAC;01.08.2025;05.08.2025;LOKALNO;4600.00;4600
1834580;VOŽDOVAC;01.08.2025;04.08.2025;WOMA;25500.00;25500
1834583;VOŽDOVAC;01.08.2025;05.08.2025;SAJLA;9220.00;9220
1834530;ZVEZDARA;01.08.2025;05.08.2025;ZAMENA;7458.40;7458.4
1834596;STARI GRAD;01.08.2025;07.08.2025;LOKALNO;4600.00;4600
1834613;VRAČAR;01.08.2025;29.08.2025;ZAMENA;23533.00;23533
1834611;ZEMUN;01.08.2025;06.08.2025;ZAMENA;31420.00;33720
1834620;VOŽDOVAC;01.08.2025;05.08.2025;ZAMENA;23526.80;23526.8
1834624;NOVI BEOGRAD;01.08.2025;06.08.2025;ZAMENA;6814.00;6814
1834627;VRAČAR;01.08.2025;04.08.2025;SAJLA;9220.00;9220
1834623;ČUKARICA;01.08.2025;04.08.2025;WOMA;25500.00;25500
1834621;ZVEZDARA;01.08.2025;05.08.2025;SAJLA;13300.00;13300
1834635;ČUKARICA;01.08.2025;04.08.2025;LOKALNO;4600.00;4600
1834632;ČUKARICA;01.08.2025;04.08.2025;SAJLA;9220.00;9220
1834634;ČUKARICA;01.08.2025;07.08.2025;ZAMENA;56719.70;56719.7
1834641;ČUKARICA;01.08.2025;20.08.2025;ZAMENA;85458.80;85458.8
1834645;ČUKARICA;01.08.2025;18.08.2025;ZAMENA;15310.00;15310
1834642;ČUKARICA;01.08.2025;22.08.2025;WOMA;73832.60;73832.6
1834622;PALILULA;01.08.2025;14.08.2025;ZAMENA;29582.80;29582.8
1834628;PALILULA;01.08.2025;27.08.2025;ZAMENA;46427.60;46427.6
1834655;VOŽDOVAC;01.08.2025;15.08.2025;WOMA;65680.60;65680.6
1834517;NOVI BEOGRAD;01.08.2025;04.08.2025;SAJLA;9220.00;9220
1834686;PALILULA;01.08.2025;14.08.2025;LOKALNO;4600.00;4600
1834676;NOVI BEOGRAD;01.08.2025;11.08.2025;ZAMENA;29453.40;29453.4
1834699;ZVEZDARA;01.08.2025;05.08.2025;WOMA;43472.80;43472.8
1834696;ZVEZDARA;01.08.2025;06.08.2025;CRPLJENJE;3300.00;3300
1834681;VOŽDOVAC;01.08.2025;14.08.2025;LOKALNO;2300.00;2300
1834720;RAKOVICA;01.08.2025;04.08.2025;SAJLA;9220.00;9220
1834725;ČUKARICA;01.08.2025;04.08.2025;SAJLA;13300.00;13300
1834727;VOŽDOVAC;01.08.2025;15.08.2025;ZAMENA;30653.40;30653.4
1834728;ČUKARICA;01.08.2025;08.08.2025;WOMA;40500.00;40500
1834717;ČUKARICA;02.08.2025;04.08.2025;LOKALNO;4600.00;4600
1834684;RAKOVICA;02.08.2025;07.08.2025;LOKALNO;4600.00;4600
1834675;ČUKARICA;02.08.2025;04.08.2025;WOMA;17500.00;17500
1834734;ČUKARICA;02.08.2025;04.08.2025;SAJLA;7300.00;7300
1834733;PALILULA;02.08.2025;04.08.2025;SAJLA;13300.00;13300
1834739;RAKOVICA;02.08.2025;04.08.2025;SAJLA;12440.00;12440
1834737;ZEMUN;02.08.2025;25.08.2025;ZAMENA;10526.75;17456
1834723;NOVI BEOGRAD;02.08.2025;29.08.2025;ZAMENA;34529.40;34529.4
1834740;ZVEZDARA;02.08.2025;05.08.2025;SAJLA;9220.00;9220
1834738;SAVSKI VENAC;02.08.2025;05.08.2025;LOKALNO;4600.00;4600
1834735;STARI GRAD;02.08.2025;04.08.2025;LOKALNO;4600.00;4600
1834741;ČUKARICA;02.08.2025;06.08.2025;SAJLA;18432.80;18432.800000000003
1834742;VOŽDOVAC;02.08.2025;05.08.2025;SAJLA;9220.00;9220
1834743;PALILULA;02.08.2025;08.08.2025;LOKALNO;4600.00;4600
1834747;ČUKARICA;02.08.2025;04.08.2025;SAJLA;9220.00;9220
1834746;PALILULA;02.08.2025;04.08.2025;SAJLA;13300.00;13300
1834750;STARI GRAD;02.08.2025;04.08.2025;LOKALNO;4600.00;4600
1834749;VOŽDOVAC;02.08.2025;05.08.2025;ZAMENA;19994.20;19994.2
1834745;STARI GRAD;02.08.2025;07.08.2025;LOKALNO;4600.00;4600
1834751;NOVI BEOGRAD;02.08.2025;19.08.2025;ZAMENA;21941.20;21941.2
1834748;NOVI BEOGRAD;02.08.2025;05.08.2025;LOKALNO;4600.00;4600
1834744;ZVEZDARA;02.08.2025;19.08.2025;ZAMENA;25222.80;25222.8
1834753;ZEMUN;02.08.2025;05.08.2025;LOKALNO;4600.00;4600
1834752;NOVI BEOGRAD;02.08.2025;05.08.2025;SAJLA;9220.00;9220
1834754;PALILULA;02.08.2025;05.08.2025;LOKALNO;4600.00;4600
1834755;PALILULA;02.08.2025;04.08.2025;SAJLA;13300.00;13300
1834758;ZVEZDARA;02.08.2025;19.08.2025;ZAMENA;68397.80;68397.8
1834757;VOŽDOVAC;02.08.2025;08.08.2025;ZAMENA;38371.00;38371
1834761;NOVI BEOGRAD;02.08.2025;04.08.2025;WOMA;30100.00;30100
1834759;ZEMUN;02.08.2025;06.08.2025;WOMA;43917.80;43917.8
1834763;ČUKARICA;02.08.2025;04.08.2025;LOKALNO;4600.00;4600
1834760;ZVEZDARA;02.08.2025;05.08.2025;SAJLA;14220.00;14220
1834764;RAKOVICA;02.08.2025;04.08.2025;SAJLA;9220.00;9220
1834766;VOŽDOVAC;02.08.2025;05.08.2025;SAJLA;13300.00;13300
1834767;NOVI BEOGRAD;03.08.2025;07.08.2025;ZAMENA;39139.40;39139.4
1834768;ZVEZDARA;03.08.2025;05.08.2025;ZAMENA;6676.40;6676.4
1834769;ČUKARICA;03.08.2025;04.08.2025;SAJLA;9220.00;9220
1834770;VOŽDOVAC;03.08.2025;05.08.2025;SAJLA;9220.00;9220
1834771;NOVI BEOGRAD;03.08.2025;05.08.2025;SAJLA;9220.00;9220
1834772;VOŽDOVAC;03.08.2025;05.08.2025;SAJLA;13300.00;13300
1834773;RAKOVICA;03.08.2025;04.08.2025;SAJLA;9220.00;9220
1834756;PALILULA;03.08.2025;06.08.2025;SAJLA;14220.00;14220
1834774;NOVI BEOGRAD;03.08.2025;04.08.2025;SAJLA;9220.00;9220
1834775;VOŽDOVAC;03.08.2025;12.08.2025;ZAMENA;51179.60;51179.6
1834776;PALILULA;03.08.2025;06.08.2025;SAJLA;14220.00;14220
1834777;RAKOVICA;03.08.2025;04.08.2025;LOKALNO;4600.00;4600
1834779;NOVI BEOGRAD;03.08.2025;04.08.2025;SAJLA;12440.00;12440
1834780;PALILULA;03.08.2025;08.08.2025;LOKALNO;4600.00;4600
1834781;VOŽDOVAC;03.08.2025;05.08.2025;WOMA;25500.00;25500
1834783;PALILULA;03.08.2025;05.08.2025;SAJLA;9220.00;9220
1834782;PALILULA;03.08.2025;05.08.2025;SAJLA;14220.00;14220
1834784;ZEMUN;03.08.2025;25.08.2025;ZAMENA;45444.40;53712.4
1834785;NOVI BEOGRAD;03.08.2025;05.08.2025;SAJLA;9220.00;9220
1834786;ČUKARICA;03.08.2025;06.08.2025;SAJLA;9220.00;9220
1834787;ZVEZDARA;04.08.2025;05.08.2025;SAJLA;8300.00;8300
1834796;VRAČAR;04.08.2025;05.08.2025;SAJLA;9220.00;9220
1834795;ČUKARICA;04.08.2025;04.08.2025;WOMA;25500.00;25500
1834797;ČUKARICA;04.08.2025;05.08.2025;SAJLA;9220.00;9220
1834801;ČUKARICA;04.08.2025;05.08.2025;ZAMENA;24060.00;24060
1834811;ZEMUN;04.08.2025;05.08.2025;SAJLA;9220.00;9220
1834809;ZEMUN;04.08.2025;06.08.2025;ZAMENA;5000.00;5000
1834833;STARI GRAD;04.08.2025;05.08.2025;ZAMENA;26675.40;26675.4
1834837;ZVEZDARA;04.08.2025;05.08.2025;WOMA;33500.00;33500
1834840;STARI GRAD;04.08.2025;05.08.2025;WOMA;30500.00;30500
1834829;VOŽDOVAC;04.08.2025;05.08.2025;ZAMENA;6300.00;6300
1834847;NOVI BEOGRAD;04.08.2025;05.08.2025;ZAMENA;50452.80;50452.8
1834788;PALILULA;04.08.2025;05.08.2025;SAJLA;17330.00;17330
1834825;PALILULA;04.08.2025;08.08.2025;LOKALNO;4600.00;4600
1834836;PALILULA;04.08.2025;14.08.2025;ZAMENA;37981.80;40569.8
1834849;ZVEZDARA;04.08.2025;05.08.2025;SAJLA;14220.00;14220
1834851;VRAČAR;04.08.2025;04.08.2025;LOKALNO;4600.00;4600
1834879;VRAČAR;04.08.2025;06.08.2025;ZAMENA;7976.00;7976
1834872;VRAČAR;04.08.2025;15.08.2025;ZAMENA;21691.80;21691.8
1834874;RAKOVICA;04.08.2025;14.08.2025;ZAMENA;37775.20;37775.200000000004
1834841;VRAČAR;04.08.2025;05.08.2025;WOMA;5000.00;5000
1834881;ZVEZDARA;04.08.2025;05.08.2025;LOKALNO;4600.00;4600
1834876;PALILULA;04.08.2025;08.08.2025;WOMA;44748.3;49562.3
1834883;NOVI BEOGRAD;04.08.2025;05.08.2025;WOMA;33500.00;33500
1834885;NOVI BEOGRAD;04.08.2025;05.08.2025;SAJLA;9220.00;9220
1834889;NOVI BEOGRAD;04.08.2025;20.08.2025;ZAMENA;34600.00;34600
1834869;VOŽDOVAC;04.08.2025;19.08.2025;LOKALNO;4600.00;4600
1834870;VOŽDOVAC;04.08.2025;05.08.2025;WOMA;25500.00;25500
1834884;VOŽDOVAC;04.08.2025;05.08.2025;SAJLA;9220.00;9220
1834906;ČUKARICA;04.08.2025;08.08.2025;ZAMENA;7026.00;7026
1834891;RAKOVICA;04.08.2025;05.08.2025;SAJLA;9220.00;9220
1834911;RAKOVICA;04.08.2025;05.08.2025;SAJLA;14220.00;14220
1834919;NOVI BEOGRAD;04.08.2025;11.08.2025;ZAMENA;11881.40;11881.4
1834920;RAKOVICA;04.08.2025;11.08.2025;LOKALNO;4600.00;4600
1834918;ČUKARICA;04.08.2025;07.08.2025;LOKALNO;4600.00;4600
1834914;RAKOVICA;04.08.2025;07.08.2025;WOMA;34400.00;34400
1834924;ČUKARICA;04.08.2025;08.08.2025;ZAMENA;8329.40;8329.4
1834925;ČUKARICA;04.08.2025;20.08.2025;LOKALNO;4600.00;4600
1834930;ČUKARICA;04.08.2025;08.08.2025;LOKALNO;4600.00;4600
1834928;STARI GRAD;04.08.2025;08.08.2025;LOKALNO;4600.00;4600
1834933;NOVI BEOGRAD;04.08.2025;29.08.2025;LOKALNO;6900.00;6900
1834912;VOŽDOVAC;04.08.2025;05.08.2025;SAJLA;12440.00;12440
1834953;NOVI BEOGRAD;04.08.2025;14.08.2025;ZAMENA;8296.00;8296
1834935;NOVI BEOGRAD;04.08.2025;25.08.2025;ZAMENA;24418.50;24418.5
1834939;ČUKARICA;04.08.2025;07.08.2025;LOKALNO;4600.00;4600
1834942;ČUKARICA;04.08.2025;22.08.2025;ZAMENA;154514.00;154514
1834949;ČUKARICA;04.08.2025;07.08.2025;ZAMENA;4700.00;4700
1834968;ZEMUN;04.08.2025;05.08.2025;ZAMENA;6814.00;6814
1834955;ZVEZDARA;04.08.2025;06.08.2025;WOMA;27900.00;27900
1834966;ČUKARICA;04.08.2025;08.08.2025;SAJLA;18440.00;18440
1834962;NOVI BEOGRAD;04.08.2025;05.08.2025;WOMA;25500.00;25500
1834956;RAKOVICA;04.08.2025;11.08.2025;ZAMENA;5227.40;5227.4
1834946;VRAČAR;04.08.2025;14.08.2025;LOKALNO;6900.00;6900
1834957;VRAČAR;04.08.2025;27.08.2025;ZAMENA;31901.20;31901.2
1834960;SAVSKI VENAC;04.08.2025;08.08.2025;LOKALNO;4600.00;4600
1834964;VRAČAR;04.08.2025;18.08.2025;ZAMENA;32092.90;32092.9
1834971;VRAČAR;04.08.2025;06.08.2025;SAJLA;12300.00;12300
1834972;VRAČAR;04.08.2025;11.08.2025;ZAMENA;56791.80;56791.8
1834917;SAVSKI VENAC;04.08.2025;06.08.2025;LOKALNO;4600.00;4600
1834921;SAVSKI VENAC;04.08.2025;06.08.2025;ZAMENA;6676.40;6676.4
1834932;ZVEZDARA;04.08.2025;06.08.2025;LOKALNO;6900.00;6900
1834979;STARI GRAD;04.08.2025;05.08.2025;SAJLA;9220.00;9220
1835008;NOVI BEOGRAD;04.08.2025;06.08.2025;ZAMENA;11300.00;11300
1834936;PALILULA;04.08.2025;19.08.2025;KOPANJE;123113.65;123113.65
1834937;PALILULA;04.08.2025;05.08.2025;LOKALNO;4600.00;4600
1834961;PALILULA;04.08.2025;05.08.2025;SAJLA;14220.00;14220
1834970;PALILULA;04.08.2025;05.08.2025;SAJLA;9220.00;9220
1834958;VOŽDOVAC;04.08.2025;08.08.2025;LOKALNO;2300.00;2300
1835012;NOVI BEOGRAD;04.08.2025;05.08.2025;LOKALNO;4600.00;4600
1835017;NOVI BEOGRAD;04.08.2025;06.08.2025;WOMA;30500.00;30500
1835027;ČUKARICA;04.08.2025;05.08.2025;SAJLA;9300.00;9300
1835015;VRAČAR;04.08.2025;15.08.2025;ZAMENA;14043.00;14043
1835016;ZVEZDARA;04.08.2025;06.08.2025;ZAMENA;21050.00;21050
1835030;ZVEZDARA;04.08.2025;08.08.2025;ZAMENA;12699.20;12699.2
1835019;ZVEZDARA;04.08.2025;25.08.2025;ZAMENA;13730.80;13730.8
1834954;ZVEZDARA;04.08.2025;05.08.2025;LOKALNO;4600.00;4600
1835022;STARI GRAD;04.08.2025;14.08.2025;LOKALNO;4600.00;6900
1835038;VOŽDOVAC;04.08.2025;11.08.2025;LOKALNO;2300.00;2300
1835045;VOŽDOVAC;04.08.2025;06.08.2025;ZAMENA;18637.2;18637.2
1835044;VOŽDOVAC;04.08.2025;11.08.2025;LOKALNO;4600.00;4600
1835040;SAVSKI VENAC;04.08.2025;05.08.2025;WOMA;25500.00;25500
1835043;NOVI BEOGRAD;04.08.2025;05.08.2025;SAJLA;9220.00;9220
1835042;ZVEZDARA;04.08.2025;05.08.2025;SAJLA;8300.00;8300
1835041;ČUKARICA;04.08.2025;05.08.2025;WOMA;30100.00;30100
1835039;PALILULA;04.08.2025;06.08.2025;SAJLA;13300.00;13300
1835050;VOŽDOVAC;05.08.2025;05.08.2025;ZAMENA;4761.00;4761
1835051;VOŽDOVAC;05.08.2025;06.08.2025;WOMA;34720.00;34720
1835062;NOVI BEOGRAD;05.08.2025;06.08.2025;ZAMENA;6814.00;6814
1835059;ZEMUN;05.08.2025;14.08.2025;LOKALNO;6900.00;6900
1835067;ZEMUN;05.08.2025;29.08.2025;ZAMENA;48100.00;72100
1835063;PALILULA;05.08.2025;06.08.2025;SAJLA;10140.00;10140
1835090;ZEMUN;05.08.2025;18.08.2025;WOMA;26100.00;26100
1835093;NOVI BEOGRAD;05.08.2025;08.08.2025;ZAMENA;37150.00;37150
1835006;RAKOVICA;05.08.2025;15.08.2025;ZAMENA;21462.40;21462.4
1835097;RAKOVICA;05.08.2025;05.08.2025;LOKALNO;4600.00;4600
1835122;STARI GRAD;05.08.2025;05.08.2025;SAJLA;9220.00;9220
1835128;ČUKARICA;05.08.2025;07.08.2025;SAJLA;9220.00;9220
1835123;RAKOVICA;05.08.2025;05.08.2025;SAJLA;9220.00;9220
1835127;SAVSKI VENAC;05.08.2025;11.08.2025;WOMA;5000.00;5000
1835125;SAVSKI VENAC;05.08.2025;11.08.2025;ZAMENA;40606.80;40606.8
1835116;ZVEZDARA;05.08.2025;05.08.2025;SAJLA;9220.00;9220
1835121;PALILULA;05.08.2025;05.08.2025;SAJLA;9220.00;9220
1835144;NOVI BEOGRAD;05.08.2025;06.08.2025;ZAMENA;5138.00;5138
1835146;STARI GRAD;05.08.2025;14.08.2025;ZAMENA;26497.70;26497.7
1835145;ZVEZDARA;05.08.2025;05.08.2025;LOKALNO;4600.00;4600
1835147;STARI GRAD;05.08.2025;08.08.2025;LOKALNO;4600.00;4600
1835152;ČUKARICA;05.08.2025;14.08.2025;ZAMENA;6676.40;6676.4
1835133;RAKOVICA;05.08.2025;07.08.2025;ZAMENA;11322.40;11322.4
1835161;STARI GRAD;05.08.2025;08.08.2025;LOKALNO;4600.00;4600
1835159;STARI GRAD;05.08.2025;15.08.2025;KOPANJE;24396.60;24396.600000000002
1835158;STARI GRAD;05.08.2025;15.08.2025;ZAMENA;18310.80;18310.8
1835157;STARI GRAD;05.08.2025;07.08.2025;LOKALNO;4600.00;4600
1835164;STARI GRAD;05.08.2025;08.08.2025;LOKALNO;4600.00;4600
1835160;ČUKARICA;05.08.2025;06.08.2025;SAJLA;15300.00;15300
1835165;ČUKARICA;05.08.2025;08.08.2025;LOKALNO;4600.00;4600
1835156;SAVSKI VENAC;05.08.2025;08.08.2025;WOMA;25500.00;25500
1835175;NOVI BEOGRAD;05.08.2025;06.08.2025;ZAMENA;23475.80;23475.8
1835187;PALILULA;05.08.2025;06.08.2025;SAJLA;12440.00;12440
1835183;NOVI BEOGRAD;05.08.2025;06.08.2025;SAJLA;9220.00;9220
1835185;NOVI BEOGRAD;05.08.2025;06.08.2025;SAJLA;9300.00;9300
1835186;ČUKARICA;05.08.2025;14.08.2025;ZAMENA;36690.00;36690
1835184;ČUKARICA;05.08.2025;06.08.2025;SAJLA;9220.00;9220
1835220;NOVI BEOGRAD;05.08.2025;07.08.2025;SAJLA;9220.00;9220
1835222;NOVI BEOGRAD;05.08.2025;06.08.2025;LOKALNO;4600.00;4600
1835226;NOVI BEOGRAD;05.08.2025;07.08.2025;WOMA;17500.00;17500
1835228;NOVI BEOGRAD;05.08.2025;06.08.2025;LOKALNO;4600.00;4600
1835229;NOVI BEOGRAD;05.08.2025;08.08.2025;ZAMENA;22300.00;22300
1835218;STARI GRAD;05.08.2025;06.08.2025;LOKALNO;4600.00;4600
1835251;NOVI BEOGRAD;05.08.2025;06.08.2025;LOKALNO;4600.00;4600
1835201;VRAČAR;05.08.2025;14.08.2025;ZAMENA;25639.60;25639.6
1835231;VRAČAR;05.08.2025;06.08.2025;LOKALNO;4600.00;4600
1835249;VRAČAR;05.08.2025;11.08.2025;ZAMENA;5100.00;5100
1835252;ČUKARICA;05.08.2025;11.08.2025;KOPANJE;18036.512;18036.512
1835253;NOVI BEOGRAD;05.08.2025;06.08.2025;SAJLA;16220.00;16220
1835256;PALILULA;05.08.2025;07.08.2025;ZAMENA;30896.40;33066.4
1835257;NOVI BEOGRAD;05.08.2025;06.08.2025;SAJLA;9220.00;9220
1835258;ČUKARICA;05.08.2025;07.08.2025;SAJLA;9220.00;9220
1835262;PALILULA;06.08.2025;19.08.2025;LOKALNO;4600.00;4600
1835263;VOŽDOVAC;06.08.2025;07.08.2025;SAJLA;17440.00;17440
1835264;SAVSKI VENAC;06.08.2025;08.08.2025;WOMA;25500.00;25500
1835267;VRAČAR;06.08.2025;08.08.2025;ZAMENA;5210.80;5210.8
1835271;SAVSKI VENAC;06.08.2025;07.08.2025;LOKALNO;4600.00;4600
1835279;VRAČAR;06.08.2025;08.08.2025;ZAMENA;17449.60;17449.6
1835281;VRAČAR;06.08.2025;14.08.2025;SAJLA;8300.00;8300
1835285;VOŽDOVAC;06.08.2025;15.08.2025;LOKALNO;2300.00;2300
1835266;NOVI BEOGRAD;06.08.2025;21.08.2025;WOMA;120004.20;120004.2
1835309;ZEMUN;06.08.2025;07.08.2025;SAJLA;9220.00;9220
1835301;ZVEZDARA;06.08.2025;08.08.2025;ZAMENA;27836.00;27836
1835317;ZVEZDARA;06.08.2025;20.08.2025;ZAMENA;21736.00;21736
1835303;PALILULA;06.08.2025;06.08.2025;WOMA;22500.00;22500
1835321;PALILULA;06.08.2025;07.08.2025;SAJLA;9220.00;9220
1835326;PALILULA;06.08.2025;08.08.2025;WOMA;73693.20;73693.2
1835323;NOVI BEOGRAD;06.08.2025;08.08.2025;ZAMENA;23858.80;23858.8
1835313;VOŽDOVAC;06.08.2025;07.08.2025;SAJLA;9220.00;9220
1835339;NOVI BEOGRAD;06.08.2025;08.08.2025;SAJLA;9220.00;9220
1835342;NOVI BEOGRAD;06.08.2025;06.08.2025;SAJLA;9220.00;9220
1835344;NOVI BEOGRAD;06.08.2025;07.08.2025;ZAMENA;10671.40;10671.4
1835343;ZVEZDARA;06.08.2025;15.08.2025;ZAMENA;21390.40;21390.4
1835350;NOVI BEOGRAD;06.08.2025;18.08.2025;LOKALNO;2300.00;2300
1835351;VRAČAR;06.08.2025;07.08.2025;SAJLA;9220.00;9220
1835347;SAVSKI VENAC;06.08.2025;15.08.2025;LOKALNO;4600.00;4600
1835346;SAVSKI VENAC;06.08.2025;19.08.2025;SAJLA;16060.00;28060
1835273;ZVEZDARA;06.08.2025;07.08.2025;SAJLA;14220.00;14220
1835345;PALILULA;06.08.2025;08.08.2025;LOKALNO;4600.00;4600
1835311;ZVEZDARA;06.08.2025;08.08.2025;LOKALNO;4600.00;4600
1835360;NOVI BEOGRAD;06.08.2025;06.08.2025;ZAMENA;6814.00;6814
1835366;ČUKARICA;06.08.2025;06.08.2025;SAJLA;16220.00;16220
1835333;RAKOVICA;06.08.2025;14.08.2025;ZAMENA;98036.90;112181.9
1835356;SAVSKI VENAC;06.08.2025;08.08.2025;LOKALNO;4600.00;4600
1835384;NOVI BEOGRAD;06.08.2025;08.08.2025;LOKALNO;4600.00;4600
1835386;VOŽDOVAC;06.08.2025;07.08.2025;SAJLA;9220.00;9220
1835383;PALILULA;06.08.2025;08.08.2025;LOKALNO;4600.00;4600
1835376;ČUKARICA;06.08.2025;12.08.2025;ZAMENA;32030.40;32030.4
1835380;ČUKARICA;06.08.2025;08.08.2025;ZAMENA;9316.00;9316
1835390;NOVI BEOGRAD;06.08.2025;11.08.2025;ZAMENA;8991.10;8991.1
1835388;STARI GRAD;06.08.2025;07.08.2025;LOKALNO;4600.00;4600
1835394;NOVI BEOGRAD;06.08.2025;07.08.2025;WOMA;26720.00;26720
1835410;NOVI BEOGRAD;06.08.2025;11.08.2025;LOKALNO;4600.00;4600
1835399;SAVSKI VENAC;06.08.2025;13.08.2025;WOMA;17500.00;17500
1835417;RAKOVICA;06.08.2025;07.08.2025;LOKALNO;4600.00;4600
1835445;RAKOVICA;06.08.2025;07.08.2025;SAJLA;9220.00;9220
1835411;VRAČAR;06.08.2025;15.08.2025;ZAMENA;21495.10;21495.1
1835405;VRAČAR;06.08.2025;15.08.2025;KOPANJE;39773.00;39773
1835456;STARI GRAD;06.08.2025;07.08.2025;LOKALNO;4600.00;4600
1835451;RAKOVICA;06.08.2025;11.08.2025;LOKALNO;4600.00;4600
1835450;PALILULA;06.08.2025;07.08.2025;SAJLA;9220.00;9220
1835420;VRAČAR;06.08.2025;12.08.2025;SAJLA;10600.00;10600
1835460;NOVI BEOGRAD;06.08.2025;08.08.2025;SAJLA;9220.00;9220
1835461;ZVEZDARA;06.08.2025;08.08.2025;ZAMENA;4726.00;4726
1835462;VRAČAR;06.08.2025;07.08.2025;SAJLA;9220.00;9220
1835465;NOVI BEOGRAD;06.08.2025;11.08.2025;ZAMENA;28675.80;28675.8
1835467;ZVEZDARA;06.08.2025;21.08.2025;ZAMENA;11124.70;11124.7
1835466;RAKOVICA;06.08.2025;08.08.2025;SAJLA;9220.00;9220
1835468;ZVEZDARA;06.08.2025;08.08.2025;SAJLA;10140.00;10140
1835469;NOVI BEOGRAD;07.08.2025;08.08.2025;ZAMENA;6564.60;6564.6
1835471;ZVEZDARA;07.08.2025;08.08.2025;SAJLA;14220.00;14220
1835470;VOŽDOVAC;07.08.2025;08.08.2025;SAJLA;9220.00;9220
1835483;NOVI BEOGRAD;07.08.2025;08.08.2025;LOKALNO;4600.00;4600
1835472;VOŽDOVAC;07.08.2025;08.08.2025;SAJLA;9220.00;9220
1835487;VOŽDOVAC;07.08.2025;12.08.2025;ZAMENA;18213.80;18213.8
1835488;VOŽDOVAC;07.08.2025;15.08.2025;ZAMENA;18414.00;18414
1835485;PALILULA;07.08.2025;28.08.2025;ZAMENA;8811.00;8811
1835519;VOŽDOVAC;07.08.2025;11.08.2025;ZAMENA;4726.00;4726
1835530;NOVI BEOGRAD;07.08.2025;08.08.2025;SAJLA;15300.00;15300
1835482;VRAČAR;07.08.2025;18.08.2025;ZAMENA;24761.50;24761.5
1835497;VRAČAR;07.08.2025;20.08.2025;ZAMENA;57346.20;57346.2
1835521;ČUKARICA;07.08.2025;11.08.2025;LOKALNO;4600.00;4600
1835489;ZVEZDARA;07.08.2025;11.08.2025;LOKALNO;4600.00;4600
1835576;ZEMUN;07.08.2025;26.08.2025;ZAMENA;39973.66;39973.66
1835577;ZEMUN;07.08.2025;11.08.2025;LOKALNO;4600.00;4600
1835583;NOVI BEOGRAD;07.08.2025;11.08.2025;ZAMENA;11348.60;11348.6
1835563;ZVEZDARA;07.08.2025;08.08.2025;LOKALNO;6900.00;6900
1835559;STARI GRAD;07.08.2025;08.08.2025;ZAMENA;17608.00;17608
1835557;RAKOVICA;07.08.2025;08.08.2025;WOMA;25500.00;25500
1835569;RAKOVICA;07.08.2025;08.08.2025;LOKALNO;4600.00;4600
1835592;RAKOVICA;07.08.2025;08.08.2025;LOKALNO;4600.00;4600
1835565;ZVEZDARA;07.08.2025;08.08.2025;SAJLA;9220.00;9220
1835615;ZEMUN;07.08.2025;14.08.2025;LOKALNO;2300.00;2300
1835644;ZEMUN;07.08.2025;11.08.2025;LOKALNO;4600.00;4600
1835629;SAVSKI VENAC;07.08.2025;29.08.2025;KOPANJE;10316.00;10316
1835641;ČUKARICA;07.08.2025;12.08.2025;ZAMENA;11300.00;11300
1835661;NOVI BEOGRAD;07.08.2025;08.08.2025;SAJLA;16220.00;16220
1835667;VOŽDOVAC;07.08.2025;08.08.2025;SAJLA;9220.00;9220
1835676;ČUKARICA;07.08.2025;11.08.2025;WOMA;33500.00;33500
1835679;RAKOVICA;07.08.2025;11.08.2025;SAJLA;9220.00;9220
1835682;VOŽDOVAC;07.08.2025;11.08.2025;SAJLA;8220.00;8220
1835683;NOVI BEOGRAD;07.08.2025;11.08.2025;SAJLA;9220.00;9220
1835678;ZVEZDARA;08.08.2025;12.08.2025;ZAMENA;39485.20;39485.2
1835686;NOVI BEOGRAD;08.08.2025;11.08.2025;SAJLA;9220.00;9220
1835681;NOVI BEOGRAD;08.08.2025;11.08.2025;ZAMENA;5138.00;5138
1835687;PALILULA;08.08.2025;08.08.2025;SAJLA;17440.00;17440
1835691;STARI GRAD;08.08.2025;08.08.2025;WOMA;25500.00;25500
1835697;SAVSKI VENAC;08.08.2025;25.08.2025;LOKALNO;4600.00;4600
1835720;NOVI BEOGRAD;08.08.2025;12.08.2025;ZAMENA;5050.80;5050.8
1835737;NOVI BEOGRAD;08.08.2025;11.08.2025;LOKALNO;4600.00;4600
1835730;ČUKARICA;08.08.2025;11.08.2025;WOMA;5000.00;5000
1835727;ZVEZDARA;08.08.2025;08.08.2025;LOKALNO;4600.00;4600
1835680;ZVEZDARA;08.08.2025;11.08.2025;SAJLA;8300.00;8300
1835771;ČUKARICA;08.08.2025;21.08.2025;LOKALNO;4600.00;4600
1835766;ČUKARICA;08.08.2025;27.08.2025;LOKALNO;4600.00;4600
1835744;ČUKARICA;08.08.2025;20.08.2025;ZAMENA;65969.00;65969
1835733;PALILULA;08.08.2025;08.08.2025;SAJLA;14220.00;14220
1835772;PALILULA;08.08.2025;19.08.2025;ZAMENA;22691.20;22691.2
1835749;VOŽDOVAC;08.08.2025;12.08.2025;WOMA;32400.00;32400
1835777;VOŽDOVAC;08.08.2025;11.08.2025;SAJLA;14220.00;14220
1835769;ZVEZDARA;08.08.2025;08.08.2025;ZAMENA;12902.40;12902.4
1835828;SAVSKI VENAC;08.08.2025;12.08.2025;LOKALNO;4600.00;4600
1835833;RAKOVICA;08.08.2025;11.08.2025;SAJLA;14220.00;14220
1835835;ČUKARICA;08.08.2025;11.08.2025;SAJLA;9220.00;9220
1835758;ZVEZDARA;08.08.2025;08.08.2025;ZAMENA;7970.80;7970.8
1835826;ZEMUN;08.08.2025;25.08.2025;KOPANJE;52036.60;52036.600000000006
1835873;ZVEZDARA;08.08.2025;15.08.2025;ZAMENA;5898.40;5898.4
1835864;PALILULA;08.08.2025;11.08.2025;LOKALNO;4600.00;4600
1835867;ČUKARICA;08.08.2025;28.08.2025;ZAMENA;162835.30;162835.3
1835898;ČUKARICA;08.08.2025;12.08.2025;LOKALNO;4600.00;4600
1835900;ČUKARICA;08.08.2025;29.08.2025;KOPANJE;66552.90;85028.9
1835905;VRAČAR;08.08.2025;29.08.2025;ZAMENA;60333.40;60333.4
1835903;PALILULA;08.08.2025;19.08.2025;SAJLA;19416.80;19416.8
1835906;SAVSKI VENAC;08.08.2025;12.08.2025;WOMA;36300.00;36300
1835914;RAKOVICA;08.08.2025;11.08.2025;SAJLA;9220.00;9220
1835918;RAKOVICA;08.08.2025;11.08.2025;SAJLA;14220.00;14220
1835917;VRAČAR;08.08.2025;15.08.2025;ZAMENA;8129.20;8129.2
1835908;ZEMUN;08.08.2025;14.08.2025;LOKALNO;4600.00;4600
1835901;ZVEZDARA;08.08.2025;11.08.2025;WOMA;29500.00;29500
1835919;NOVI BEOGRAD;08.08.2025;11.08.2025;SAJLA;10220.00;10220
1835911;STARI GRAD;08.08.2025;11.08.2025;SAJLA;9220.00;9220
1835907;VOŽDOVAC;08.08.2025;11.08.2025;SAJLA;14220.00;14220
1835921;STARI GRAD;08.08.2025;29.08.2025;ZAMENA;52470.40;52470.4
1835912;VRAČAR;08.08.2025;20.08.2025;ZAMENA;17524.00;17524.000000000004
1835934;NOVI BEOGRAD;08.08.2025;11.08.2025;LOKALNO;4600.00;4600
1835929;ČUKARICA;08.08.2025;11.08.2025;SAJLA;9220.00;9220
1835938;ČUKARICA;08.08.2025;11.08.2025;WOMA;33500.00;33500
1835915;STARI GRAD;08.08.2025;11.08.2025;LOKALNO;4600.00;4600
1835948;PALILULA;08.08.2025;13.08.2025;SAJLA;16520.00;16520
1835965;NOVI BEOGRAD;08.08.2025;12.08.2025;WOMA;5000;5000
1835964;VRAČAR;08.08.2025;22.08.2025;KOPANJE;99546.80;99546.8
1835968;NOVI BEOGRAD;08.08.2025;25.08.2025;ZAMENA;4761.00;4761
1835966;ČUKARICA;08.08.2025;11.08.2025;SAJLA;9220.00;9220
1835969;ZEMUN;08.08.2025;29.08.2025;ZAMENA;7458.40;7458.4
1835970;ZVEZDARA;08.08.2025;20.08.2025;ZAMENA;59820.00;59820
1835945;ČUKARICA;08.08.2025;14.08.2025;LOKALNO;4600.00;4600
1835971;VOŽDOVAC;08.08.2025;12.08.2025;LOKALNO;4600.00;4600
1835976;ČUKARICA;08.08.2025;18.08.2025;WOMA;40900.00;40900
1835977;ČUKARICA;08.08.2025;19.08.2025;ZAMENA;28266.80;28266.8
1835972;RAKOVICA;08.08.2025;11.08.2025;SAJLA;9220.00;9220
1835973;RAKOVICA;08.08.2025;11.08.2025;SAJLA;14220.00;14220
1835981;NOVI BEOGRAD;09.08.2025;11.08.2025;SAJLA;10220.00;10220
1835982;RAKOVICA;09.08.2025;11.08.2025;SAJLA;13300.00;13300
1835978;STARI GRAD;09.08.2025;12.08.2025;ZAMENA;9482.40;9482.4
1835983;ZVEZDARA;09.08.2025;11.08.2025;WOMA;25500.00;25500
1835984;NOVI BEOGRAD;09.08.2025;12.08.2025;ZAMENA;21975.80;21975.8
1835979;NOVI BEOGRAD;09.08.2025;12.08.2025;ZAMENA;7635.70;7635.7
1835985;RAKOVICA;09.08.2025;20.08.2025;LOKALNO;4600.00;4600
1835986;VOŽDOVAC;09.08.2025;11.08.2025;SAJLA;8300.00;8300
1835988;VRAČAR;09.08.2025;11.08.2025;SAJLA;9220.00;9220
1835987;RAKOVICA;09.08.2025;18.08.2025;ZAMENA;56100.20;56100.2
1835990;RAKOVICA;09.08.2025;11.08.2025;SAJLA;8220.00;8220
1835989;ZVEZDARA;09.08.2025;11.08.2025;LOKALNO;6900.00;6900
1835993;ČUKARICA;09.08.2025;11.08.2025;SAJLA;9220.00;9220
1836003;SAVSKI VENAC;10.08.2025;11.08.2025;ZAMENA;5808.00;5808
1835991;VRAČAR;10.08.2025;21.08.2025;ZAMENA;68483.00;68483
1835998;ZEMUN;10.08.2025;18.08.2025;WOMA;25500.00;25500
1835994;ZVEZDARA;10.08.2025;11.08.2025;WOMA;28720.00;28720
1836008;PALILULA;10.08.2025;11.08.2025;SAJLA;12440.00;12440
1836006;NOVI BEOGRAD;10.08.2025;11.08.2025;LOKALNO;4600.00;4600
1835996;NOVI BEOGRAD;10.08.2025;18.08.2025;LOKALNO;6900.00;6900
1836007;PALILULA;10.08.2025;11.08.2025;SAJLA;9220.00;9220
1836012;ZVEZDARA;10.08.2025;11.08.2025;SAJLA;9220.00;9220
1836009;NOVI BEOGRAD;10.08.2025;11.08.2025;SAJLA;10140.00;10140
1835997;ZEMUN;10.08.2025;18.08.2025;SAJLA;9220.00;9220
1836011;NOVI BEOGRAD;10.08.2025;11.08.2025;SAJLA;9220.00;9220
1836018;VOŽDOVAC;10.08.2025;11.08.2025;SAJLA;10140.00;10140
1836002;NOVI BEOGRAD;10.08.2025;12.08.2025;ZAMENA;5195.20;5195.2
1836010;NOVI BEOGRAD;10.08.2025;11.08.2025;SAJLA;9220.00;9220
1836019;ČUKARICA;10.08.2025;11.08.2025;SAJLA;9220.00;9220
1836022;PALILULA;10.08.2025;18.08.2025;WOMA;25500.00;25500
1836021;NOVI BEOGRAD;10.08.2025;11.08.2025;SAJLA;9300.00;9300
1836023;NOVI BEOGRAD;10.08.2025;11.08.2025;SAJLA;9220.00;9220
1836020;ZVEZDARA;10.08.2025;11.08.2025;LOKALNO;4600.00;4600
1836017;ZVEZDARA;10.08.2025;11.08.2025;ZAMENA;8600.00;8600
1836001;RAKOVICA;10.08.2025;13.08.2025;LOKALNO;4600.00;4600
1836000;ČUKARICA;10.08.2025;14.08.2025;LOKALNO;4600.00;4600
1835999;ZVEZDARA;10.08.2025;18.08.2025;KOPANJE;6465.66;6465.66
1836024;ČUKARICA;10.08.2025;19.08.2025;ZAMENA;21322.40;21322.4
1836025;ČUKARICA;10.08.2025;14.08.2025;ZAMENA;4337.00;4337
1836032;NOVI BEOGRAD;11.08.2025;29.08.2025;KOPANJE;22524.80;22524.800000000003
1836033;NOVI BEOGRAD;11.08.2025;25.08.2025;ZAMENA;27942.35;27942.35
1836034;NOVI BEOGRAD;11.08.2025;26.08.2025;ZAMENA;31399.20;31399.2
1836050;ČUKARICA;11.08.2025;27.08.2025;ZAMENA;45139.40;45139.4
1836042;ČUKARICA;11.08.2025;12.08.2025;LOKALNO;4600.00;4600
1836039;ČUKARICA;11.08.2025;20.08.2025;ZAMENA;48150.20;48150.2
1836051;RAKOVICA;11.08.2025;11.08.2025;SAJLA;13300.00;13300
1836071;ZEMUN;11.08.2025;18.08.2025;WOMA;25500.00;25500
1836066;ZVEZDARA;11.08.2025;11.08.2025;LOKALNO;4600.00;4600
1836086;SAVSKI VENAC;11.08.2025;14.08.2025;LOKALNO;4600.00;4600
1836060;PALILULA;11.08.2025;13.08.2025;LOKALNO;4600.00;4600
1836089;PALILULA;11.08.2025;13.08.2025;LOKALNO;4600.00;4600
1836093;PALILULA;11.08.2025;13.08.2025;SAJLA;9220.00;9220
1836077;VOŽDOVAC;11.08.2025;12.08.2025;ZAMENA;3945.00;3945
1836106;ČUKARICA;11.08.2025;11.08.2025;ZAMENA;11300.00;11300
1836082;VRAČAR;11.08.2025;15.08.2025;LOKALNO;4600.00;4600
1836123;VRAČAR;11.08.2025;27.08.2025;ZAMENA;24487.00;24487
1836124;NOVI BEOGRAD;11.08.2025;12.08.2025;LOKALNO;4600.00;4600
1836136;ZEMUN;11.08.2025;27.08.2025;LOKALNO;2300.00;2300
1836139;NOVI BEOGRAD;11.08.2025;12.08.2025;LOKALNO;4600.00;4600
1836140;STARI GRAD;11.08.2025;11.08.2025;SAJLA;13300.00;13300
1836121;VOŽDOVAC;11.08.2025;22.08.2025;ZAMENA;53082.80;53082.8
1836128;VOŽDOVAC;11.08.2025;12.08.2025;LOKALNO;4600.00;4600
1836134;VOŽDOVAC;11.08.2025;11.08.2025;SAJLA;12440.00;12440
1836154;SAVSKI VENAC;11.08.2025;18.08.2025;KOPANJE;107956.80;107956.8
1836164;NOVI BEOGRAD;11.08.2025;14.08.2025;ZAMENA;14726.40;14726.4
1836168;NOVI BEOGRAD;11.08.2025;29.08.2025;LOKALNO;4600.00;4600
1836153;PALILULA;11.08.2025;15.08.2025;WOMA;35500.00;35500
1836156;PALILULA;11.08.2025;28.08.2025;ZAMENA;31077.80;31077.8
1836160;RAKOVICA;11.08.2025;18.08.2025;SAJLA;9220.00;9220
1836162;VRAČAR;11.08.2025;19.08.2025;ZAMENA;29539.00;29539
1836159;ČUKARICA;11.08.2025;14.08.2025;SAJLA;14220.00;14220
1836166;ZVEZDARA;11.08.2025;11.08.2025;ZAMENA;4726.00;4726
1836158;ČUKARICA;11.08.2025;20.08.2025;ZAMENA;72125.40;72125.4
1836169;ČUKARICA;11.08.2025;12.08.2025;SAJLA;9220.00;9220
1836178;NOVI BEOGRAD;11.08.2025;18.08.2025;LOKALNO;6900.00;6900
1836177;SAVSKI VENAC;11.08.2025;29.08.2025;ZAMENA;7237.00;7237
1836184;ČUKARICA;11.08.2025;18.08.2025;ZAMENA;11726.00;11726
1836014;RAKOVICA;11.08.2025;12.08.2025;SAJLA;13300.00;13300
1836179;RAKOVICA;11.08.2025;27.08.2025;ZAMENA;24633.00;24633
1836194;RAKOVICA;11.08.2025;14.08.2025;SAJLA;11520.00;11520
1836195;PALILULA;11.08.2025;15.08.2025;LOKALNO;4600.00;4600
1836201;VOŽDOVAC;11.08.2025;14.08.2025;LOKALNO;4600.00;4600
1836207;NOVI BEOGRAD;11.08.2025;18.08.2025;ZAMENA;3911.73;3911.73
1836193;ČUKARICA;11.08.2025;12.08.2025;LOKALNO;4600.00;4600
1836216;STARI GRAD;11.08.2025;12.08.2025;SAJLA;9220.00;9220
1836205;RAKOVICA;11.08.2025;20.08.2025;ZAMENA;20981.80;20981.8
1836202;VRAČAR;11.08.2025;15.08.2025;LOKALNO;2300.00;2300
1836233;SAVSKI VENAC;11.08.2025;15.08.2025;ZAMENA;26995.20;26995.2
1836231;ČUKARICA;11.08.2025;12.08.2025;LOKALNO;4600.00;4600
1836239;NOVI BEOGRAD;11.08.2025;12.08.2025;SAJLA;9220.00;9220
1836245;RAKOVICA;11.08.2025;12.08.2025;SAJLA;14220.00;14220
1836234;ČUKARICA;11.08.2025;15.08.2025;SAJLA;11520.00;11520
1836259;NOVI BEOGRAD;11.08.2025;25.08.2025;LOKALNO;4600.00;4600
1836262;PALILULA;11.08.2025;13.08.2025;SAJLA;9220.00;9220
1836263;PALILULA;11.08.2025;13.08.2025;LOKALNO;4600.00;4600
1836255;VOŽDOVAC;11.08.2025;12.08.2025;LOKALNO;4600.00;4600
1836268;VRAČAR;11.08.2025;27.08.2025;ZAMENA;24343.00;24343
1836266;ČUKARICA;11.08.2025;12.08.2025;SAJLA;9220.00;9220
1836261;ČUKARICA;11.08.2025;18.08.2025;ZAMENA;17076.60;17076.6
1836267;VOŽDOVAC;11.08.2025;12.08.2025;WOMA;33500.00;33500
1836270;ZVEZDARA;11.08.2025;20.08.2025;ZAMENA;77118.20;77118.2
1836269;STARI GRAD;11.08.2025;15.08.2025;ZAMENA;44733.80;44733.8
1836264;STARI GRAD;11.08.2025;15.08.2025;ZAMENA;13781.60;13781.6
1836271;ČUKARICA;11.08.2025;12.08.2025;SAJLA;9220.00;9220
1836272;NOVI BEOGRAD;11.08.2025;12.08.2025;LOKALNO;4600.00;4600
1836273;ZVEZDARA;11.08.2025;12.08.2025;WOMA;25500.00;25500
1836276;NOVI BEOGRAD;11.08.2025;12.08.2025;SAJLA;9220.00;9220
1836278;ZEMUN;12.08.2025;14.08.2025;LOKALNO;4600.00;4600
1836290;ČUKARICA;12.08.2025;14.08.2025;SAJLA;13300.00;13300
1836311;NOVI BEOGRAD;12.08.2025;21.08.2025;ZAMENA;20418.30;20418.3
1836307;VOŽDOVAC;12.08.2025;12.08.2025;SAJLA;13300.00;13300
1836334;NOVI BEOGRAD;12.08.2025;26.08.2025;WOMA;25220.00;25220
1836344;NOVI BEOGRAD;12.08.2025;29.08.2025;ZAMENA;42073.00;42073
1836348;NOVI BEOGRAD;12.08.2025;21.08.2025;LOKALNO;4600.00;4600
1836327;ČUKARICA;12.08.2025;12.08.2025;LOKALNO;4600.00;4600
1836313;ČUKARICA;12.08.2025;20.08.2025;ZAMENA;10397.20;10397.2
1836369;NOVI BEOGRAD;12.08.2025;25.08.2025;ZAMENA;48210.10;48210.1
1836367;ZVEZDARA;12.08.2025;15.08.2025;ZAMENA;9692.60;9692.6
1836378;NOVI BEOGRAD;12.08.2025;29.08.2025;ZAMENA;26257.60;26257.6
1836380;RAKOVICA;12.08.2025;20.08.2025;WOMA;17500.00;17500
1836381;RAKOVICA;12.08.2025;15.08.2025;WOMA;25500.00;25500
1836375;RAKOVICA;12.08.2025;15.08.2025;SAJLA;9220.00;9220
1836365;ČUKARICA;12.08.2025;18.08.2025;LOKALNO;4600.00;4600
1836388;NOVI BEOGRAD;12.08.2025;14.08.2025;SAJLA;8300.00;8300
1836390;RAKOVICA;12.08.2025;15.08.2025;LOKALNO;4600.00;4600
1836393;RAKOVICA;12.08.2025;15.08.2025;LOKALNO;4600.00;4600
1836406;PALILULA;12.08.2025;14.08.2025;LOKALNO;4600.00;4600
1836405;STARI GRAD;12.08.2025;14.08.2025;KOPANJE;19736.40;19736.4
1836407;STARI GRAD;12.08.2025;15.08.2025;LOKALNO;4600.00;4600
1836410;STARI GRAD;12.08.2025;15.08.2025;SAJLA;14220.00;14220
1836412;STARI GRAD;12.08.2025;15.08.2025;ZAMENA;5808.00;5808
1836423;ČUKARICA;12.08.2025;15.08.2025;WOMA;17500.00;17500
1836424;ČUKARICA;12.08.2025;15.08.2025;WOMA;17500.00;17500
1836425;ČUKARICA;12.08.2025;14.08.2025;WOMA;17500.00;17500
1836403;VRAČAR;12.08.2025;14.08.2025;SAJLA;9220.00;9220
1836430;NOVI BEOGRAD;12.08.2025;29.08.2025;ZAMENA;56535.50;56535.5
1836438;VOŽDOVAC;12.08.2025;28.08.2025;LOKALNO;4600.00;4600
1836436;ZEMUN;12.08.2025;14.08.2025;SAJLA;16220.00;16220
1836426;ZVEZDARA;12.08.2025;14.08.2025;WOMA;35800.00;35800
1836422;ZVEZDARA;12.08.2025;15.08.2025;LOKALNO;4600.00;4600
1836420;ZVEZDARA;12.08.2025;15.08.2025;WOMA;22500.00;22500
1836444;ZEMUN;12.08.2025;14.08.2025;SAJLA;16220.00;16220
1836451;NOVI BEOGRAD;12.08.2025;20.08.2025;WOMA;5000.00;5000
1836450;VOŽDOVAC;12.08.2025;15.08.2025;SAJLA;17440.00;17440
1836428;STARI GRAD;12.08.2025;15.08.2025;ZAMENA;5808.00;5808
1836459;NOVI BEOGRAD;12.08.2025;29.08.2025;SAJLA;8300.00;8300
1836465;NOVI BEOGRAD;12.08.2025;20.08.2025;WOMA;22100.00;22100
1836460;PALILULA;12.08.2025;15.08.2025;ZAMENA;21496.80;21496.8
1836455;PALILULA;12.08.2025;15.08.2025;SAJLA;13300.00;13300
1836469;ZEMUN;12.08.2025;26.08.2025;LOKALNO;4600.00;4600
1836472;ZVEZDARA;12.08.2025;14.08.2025;SAJLA;13300.00;13300
1836485;STARI GRAD;12.08.2025;14.08.2025;WOMA;5000.00;10000
1836481;RAKOVICA;12.08.2025;15.08.2025;WOMA;17500.00;17500
1836474;ČUKARICA;12.08.2025;19.08.2025;SAJLA;9220.00;9220
1836490;ČUKARICA;12.08.2025;18.08.2025;SAJLA;12300.00;12300
1836489;NOVI BEOGRAD;12.08.2025;14.08.2025;SAJLA;10140.00;10140
1836488;RAKOVICA;13.08.2025;20.08.2025;ZAMENA;21220.00;21220
1836486;ČUKARICA;13.08.2025;14.08.2025;ZAMENA;6992.00;6992
1836479;VOŽDOVAC;13.08.2025;21.08.2025;ZAMENA;12432.80;12432.8
1836482;VOŽDOVAC;13.08.2025;19.08.2025;ZAMENA;3393.80;3393.8
1836483;VOŽDOVAC;13.08.2025;29.08.2025;ZAMENA;27073.40;27073.4
1836497;VOŽDOVAC;13.08.2025;14.08.2025;SAJLA;9220.00;9220
1836499;VOŽDOVAC;13.08.2025;15.08.2025;LOKALNO;6900.00;6900
1836514;ČUKARICA;13.08.2025;14.08.2025;SAJLA;9220.00;9220
1836520;RAKOVICA;13.08.2025;27.08.2025;ZAMENA;46042.40;46042.4
1836540;RAKOVICA;13.08.2025;27.08.2025;ZAMENA;53865.00;53865
1836543;RAKOVICA;13.08.2025;18.08.2025;WOMA;30100.00;38100
1836512;VOŽDOVAC;13.08.2025;15.08.2025;SAJLA;9220.00;9220
1836546;VOŽDOVAC;13.08.2025;28.08.2025;ZAMENA;89450.00;89450
1836539;STARI GRAD;13.08.2025;14.08.2025;LOKALNO;4600.00;4600
1836554;VRAČAR;13.08.2025;21.08.2025;LOKALNO;4600.00;4600
1836544;NOVI BEOGRAD;13.08.2025;14.08.2025;WOMA;25500.00;25500
1836547;NOVI BEOGRAD;13.08.2025;26.08.2025;WOMA;21500.00;21500
1836548;NOVI BEOGRAD;13.08.2025;27.08.2025;ZAMENA;23067.80;23067.8
1836556;NOVI BEOGRAD;13.08.2025;14.08.2025;ZAMENA;4726.00;4726
1836549;NOVI BEOGRAD;13.08.2025;14.08.2025;WOMA;5000.00;5000
1836496;NOVI BEOGRAD;13.08.2025;21.08.2025;ZAMENA;55017.90;55017.9
1836563;ZEMUN;13.08.2025;21.08.2025;ZAMENA;8600.00;8600
1836480;SAVSKI VENAC;13.08.2025;14.08.2025;LOKALNO;4600.00;4600
1836567;ZEMUN;13.08.2025;26.08.2025;WOMA;29500.00;29500
1836569;ZEMUN;13.08.2025;29.08.2025;LOKALNO;4600.00;4600
1836565;ZVEZDARA;13.08.2025;14.08.2025;SAJLA;9220.00;9220
1836535;ZVEZDARA;13.08.2025;20.08.2025;ZAMENA;27513.80;27513.8
1836597;STARI GRAD;13.08.2025;22.08.2025;ZAMENA;66785.20;66785.2
1836591;STARI GRAD;13.08.2025;15.08.2025;LOKALNO;4600.00;4600
1836598;PALILULA;13.08.2025;15.08.2025;ZAMENA;17518.40;17518.4
1836599;PALILULA;13.08.2025;15.08.2025;SAJLA;14220.00;14220
1836590;ČUKARICA;13.08.2025;18.08.2025;LOKALNO;4600.00;4600
1836592;ČUKARICA;13.08.2025;14.08.2025;SAJLA;16220.00;16220
1836608;NOVI BEOGRAD;13.08.2025;14.08.2025;SAJLA;16220.00;16220
1836601;ZVEZDARA;13.08.2025;14.08.2025;SAJLA;9220.00;9220
1836624;RAKOVICA;13.08.2025;15.08.2025;LOKALNO;4600.00;4600
1836621;RAKOVICA;13.08.2025;15.08.2025;LOKALNO;4600.00;4600
1836620;ČUKARICA;13.08.2025;18.08.2025;ZAMENA;11300.00;11300
1836630;PALILULA;13.08.2025;18.08.2025;LOKALNO;4600.00;4600
1836623;VOŽDOVAC;13.08.2025;27.08.2025;ZAMENA;10852.40;10852.4
1836596;ZVEZDARA;13.08.2025;14.08.2025;SAJLA;9220.00;9220
1836638;NOVI BEOGRAD;13.08.2025;21.08.2025;LOKALNO;2300.00;2300
1836633;VRAČAR;13.08.2025;14.08.2025;ZAMENA;13221.00;13221
1836537;ZVEZDARA;13.08.2025;15.08.2025;LOKALNO;4600.00;4600
1836681;PALILULA;13.08.2025;15.08.2025;LOKALNO;4600.00;4600
1836686;PALILULA;13.08.2025;21.08.2025;LOKALNO;4600.00;4600
1836625;ZVEZDARA;13.08.2025;14.08.2025;SAJLA;9220.00;9220
1836680;ZVEZDARA;13.08.2025;15.08.2025;WOMA;35500.00;35500
1836694;VOŽDOVAC;13.08.2025;27.08.2025;ZAMENA;36942.60;36942.6
1836695;VOŽDOVAC;13.08.2025;19.08.2025;ZAMENA;7911.00;7911
1836655;RAKOVICA;13.08.2025;14.08.2025;SAJLA;9220.00;9220
1836697;RAKOVICA;13.08.2025;14.08.2025;ZAMENA;20220.00;20220
1836699;NOVI BEOGRAD;13.08.2025;29.08.2025;ZAMENA;27162.90;27162.9
1836696;ZVEZDARA;13.08.2025;15.08.2025;SAJLA;14220.00;14220
1836700;ČUKARICA;13.08.2025;14.08.2025;SAJLA;9220.00;9220
1836702;RAKOVICA;13.08.2025;14.08.2025;WOMA;17500.00;17500
1836698;ČUKARICA;13.08.2025;18.08.2025;WOMA;25500.00;25500
1836703;NOVI BEOGRAD;13.08.2025;19.08.2025;LOKALNO;4600.00;4600
1836705;NOVI BEOGRAD;14.08.2025;19.08.2025;WOMA;29500.00;29500
1836704;ZEMUN;14.08.2025;18.08.2025;LOKALNO;4600.00;4600
1836706;VOŽDOVAC;14.08.2025;15.08.2025;SAJLA;14220.00;14220
1836742;SAVSKI VENAC;14.08.2025;14.08.2025;LOKALNO;4600.00;4600
1836744;NOVI BEOGRAD;14.08.2025;14.08.2025;SAJLA;9220.00;9220
1836757;RAKOVICA;14.08.2025;15.08.2025;SAJLA;9220.00;9220
1836708;RAKOVICA;14.08.2025;15.08.2025;LOKALNO;4600.00;4600
1836761;ZEMUN;14.08.2025;18.08.2025;ZAMENA;4922.00;4922
1836758;VOŽDOVAC;14.08.2025;27.08.2025;ZAMENA;16899.00;16899
1836755;PALILULA;14.08.2025;19.08.2025;WOMA;25500.00;25500
1836774;ZEMUN;14.08.2025;26.08.2025;WOMA;33500.00;33500
1836753;PALILULA;14.08.2025;15.08.2025;SAJLA;14220.00;14220
1836777;VRAČAR;14.08.2025;18.08.2025;ZAMENA;4117.00;4117
1836782;ZEMUN;14.08.2025;18.08.2025;WOMA;29500.00;29500
1836783;PALILULA;14.08.2025;19.08.2025;SAJLA;10140.00;10140
1836784;ZVEZDARA;14.08.2025;14.08.2025;LOKALNO;4600.00;4600
1836785;ZVEZDARA;14.08.2025;25.08.2025;LOKALNO;4600.00;4600
1836787;ČUKARICA;14.08.2025;15.08.2025;LOKALNO;4600.00;4600
1836789;ČUKARICA;14.08.2025;18.08.2025;LOKALNO;4600.00;4600
1836804;ZVEZDARA;14.08.2025;21.08.2025;ZAMENA;9200.00;9200
1836786;ČUKARICA;14.08.2025;15.08.2025;ZAMENA;11300.00;11300
1836819;RAKOVICA;14.08.2025;15.08.2025;LOKALNO;4600.00;4600
1836816;ČUKARICA;14.08.2025;15.08.2025;SAJLA;9220.00;9220
1836817;PALILULA;14.08.2025;15.08.2025;LOKALNO;4600.00;4600
1836831;ČUKARICA;14.08.2025;15.08.2025;SAJLA;13300.00;13300
1836829;RAKOVICA;14.08.2025;15.08.2025;SAJLA;14220.00;14220
1836828;ČUKARICA;14.08.2025;18.08.2025;SAJLA;13300.00;13300
1836834;ZVEZDARA;14.08.2025;15.08.2025;WOMA;22100.00;22100
1836835;NOVI BEOGRAD;14.08.2025;21.08.2025;LOKALNO;4600.00;4600
1836836;ZVEZDARA;14.08.2025;19.08.2025;ZAMENA;42941.80;42941.8
1836872;NOVI BEOGRAD;14.08.2025;19.08.2025;SAJLA;9220.00;9220
1836869;ČUKARICA;14.08.2025;20.08.2025;ZAMENA;38980.00;38980
1836867;VOŽDOVAC;14.08.2025;31.08.2025;LOKALNO;4600.00;4600
1836891;ČUKARICA;14.08.2025;18.08.2025;ZAMENA;11300.00;11300
1836898;ZEMUN;14.08.2025;26.08.2025;WOMA;21500.00;21500
1836900;NOVI BEOGRAD;14.08.2025;18.08.2025;LOKALNO;4600.00;4600
1836894;SAVSKI VENAC;14.08.2025;18.08.2025;ZAMENA;5613.30;6912.8
1836888;RAKOVICA;14.08.2025;15.08.2025;SAJLA;9220.00;9220
1836901;ZEMUN;14.08.2025;26.08.2025;WOMA;25500.00;25500
1836903;ZEMUN;14.08.2025;26.08.2025;WOMA;37500.00;37500
1836904;NOVI BEOGRAD;14.08.2025;26.08.2025;ZAMENA;132345.80;132345.8
1836906;ZVEZDARA;14.08.2025;18.08.2025;SAJLA;11520.00;11520
1836907;ČUKARICA;14.08.2025;15.08.2025;SAJLA;9220.00;9220
1836908;RAKOVICA;14.08.2025;15.08.2025;LOKALNO;4600.00;4600
1836910;ČUKARICA;14.08.2025;15.08.2025;SAJLA;9220.00;9220
1836912;STARI GRAD;14.08.2025;15.08.2025;SAJLA;9220.00;9220
1836914;ZVEZDARA;14.08.2025;15.08.2025;SAJLA;8300.00;8300
1836917;ZEMUN;15.08.2025;26.08.2025;ZAMENA;94900.00;94900
1836892;PALILULA;15.08.2025;19.08.2025;LOKALNO;2300.00;2300
1836893;PALILULA;15.08.2025;22.08.2025;ZAMENA;20718.80;20718.8
1836896;VOŽDOVAC;15.08.2025;28.08.2025;ZAMENA;32536.35;32536.35
1836897;VOŽDOVAC;15.08.2025;21.08.2025;ZAMENA;57949.20;57949.200000000004
1836899;VOŽDOVAC;15.08.2025;26.08.2025;ZAMENA;38591.80;38591.8
1836909;VOŽDOVAC;15.08.2025;18.08.2025;LOKALNO;4600.00;4600
1836969;NOVI BEOGRAD;15.08.2025;25.08.2025;WOMA;21500.00;21500
1836970;STARI GRAD;15.08.2025;28.08.2025;KOPANJE;28532.60;28532.6
1836968;VOŽDOVAC;15.08.2025;27.08.2025;SAJLA;13300.00;13300
1836975;NOVI BEOGRAD;15.08.2025;18.08.2025;ZAMENA;5138.00;5138
1836974;STARI GRAD;15.08.2025;15.08.2025;LOKALNO;4600.00;4600
1836973;STARI GRAD;15.08.2025;18.08.2025;SAJLA;9220.00;9220
1836971;STARI GRAD;15.08.2025;19.08.2025;LOKALNO;4600.00;4600
1836977;NOVI BEOGRAD;15.08.2025;19.08.2025;SAJLA;16220.00;16220
1836979;NOVI BEOGRAD;15.08.2025;18.08.2025;SAJLA;9220.00;9220
1836981;PALILULA;15.08.2025;18.08.2025;SAJLA;14220.00;14220
1836978;PALILULA;15.08.2025;19.08.2025;SAJLA;14220.00;14220
1836983;VOŽDOVAC;15.08.2025;19.08.2025;SAJLA;12440.00;12440
1836990;NOVI BEOGRAD;15.08.2025;19.08.2025;LOKALNO;4600.00;4600
1836989;ČUKARICA;15.08.2025;18.08.2025;SAJLA;14220.00;14220
1836985;ČUKARICA;15.08.2025;18.08.2025;SAJLA;9220.00;9220
1836976;ČUKARICA;15.08.2025;18.08.2025;LOKALNO;4600.00;4600
1836972;RAKOVICA;15.08.2025;29.08.2025;ZAMENA;41794.40;41794.4
1837012;RAKOVICA;15.08.2025;20.08.2025;ZAMENA;20955.60;20955.6
1837009;ČUKARICA;15.08.2025;26.08.2025;ZAMENA;44217.80;44217.8
1835265;ZVEZDARA;15.08.2025;29.08.2025;ZAMENA;22300.00;22300
1837022;STARI GRAD;15.08.2025;19.08.2025;CRPLJENJE;7600.00;7600
1837004;STARI GRAD;15.08.2025;19.08.2025;SAJLA;9220.00;9220
1837023;ČUKARICA;15.08.2025;21.08.2025;ZAMENA;72214.50;72214.5
1837015;ČUKARICA;15.08.2025;18.08.2025;LOKALNO;4600.00;4600
1836993;VOŽDOVAC;15.08.2025;19.08.2025;WOMA;5000.00;5000
1837011;VOŽDOVAC;15.08.2025;19.08.2025;WOMA;5000.00;5000
1836991;VOŽDOVAC;15.08.2025;31.08.2025;ZAMENA;11300.00;11300
1837021;VOŽDOVAC;15.08.2025;18.08.2025;LOKALNO;4600.00;4600
1837025;NOVI BEOGRAD;15.08.2025;25.08.2025;ZAMENA;32055.70;32055.7
1837027;ZVEZDARA;15.08.2025;18.08.2025;WOMA;17500.00;17500
1837029;ČUKARICA;15.08.2025;18.08.2025;SAJLA;9220.00;9220
1837030;ČUKARICA;15.08.2025;20.08.2025;WOMA;25500.00;25500
1837033;VOŽDOVAC;15.08.2025;18.08.2025;SAJLA;9220.00;9220
1837034;STARI GRAD;15.08.2025;29.08.2025;ZAMENA;9758.40;9758.4
1837061;PALILULA;15.08.2025;25.08.2025;WOMA;17500.00;17500
1837071;ZVEZDARA;15.08.2025;22.08.2025;ZAMENA;54537.20;54537.2
1837073;PALILULA;15.08.2025;19.08.2025;WOMA;17500.00;17500
1837075;PALILULA;15.08.2025;26.08.2025;ZAMENA;7044.40;7044.4
1837076;ZVEZDARA;15.08.2025;28.08.2025;ZAMENA;22202.80;22202.8
1837077;ZEMUN;15.08.2025;29.08.2025;ZAMENA;28389.60;28389.6
1837089;RAKOVICA;15.08.2025;18.08.2025;LOKALNO;4600.00;4600
1837090;RAKOVICA;15.08.2025;20.08.2025;ZAMENA;57841.10;57841.100000000006
1837092;NOVI BEOGRAD;15.08.2025;18.08.2025;ZAMENA;7734.40;7734.4
1837094;SAVSKI VENAC;15.08.2025;18.08.2025;WOMA;17500.00;17500
1837095;ČUKARICA;15.08.2025;18.08.2025;WOMA;5000.00;5000
1837096;VOŽDOVAC;15.08.2025;19.08.2025;LOKALNO;4600.00;4600
1837099;ZEMUN;15.08.2025;18.08.2025;SAJLA;14220.00;14220
1837098;ČUKARICA;15.08.2025;18.08.2025;WOMA;17500.00;17500
1837100;NOVI BEOGRAD;15.08.2025;21.08.2025;LOKALNO;4600.00;4600
1837101;NOVI BEOGRAD;15.08.2025;18.08.2025;LOKALNO;4600.00;4600
1837103;NOVI BEOGRAD;16.08.2025;18.08.2025;SAJLA;9220.00;9220
1837104;ZVEZDARA;16.08.2025;18.08.2025;WOMA;25500.00;25500
1837093;RAKOVICA;16.08.2025;18.08.2025;LOKALNO;4600.00;4600
1837105;NOVI BEOGRAD;16.08.2025;18.08.2025;LOKALNO;4600.00;4600
1837107;PALILULA;16.08.2025;18.08.2025;SAJLA;14220.00;14220
1837106;ZVEZDARA;16.08.2025;22.08.2025;LOKALNO;6900.00;6900
1837108;ZEMUN;16.08.2025;19.08.2025;WOMA;33500.00;33500
1837097;VOŽDOVAC;16.08.2025;18.08.2025;SAJLA;9220.00;9220
1837109;ZVEZDARA;16.08.2025;18.08.2025;SAJLA;14220.00;14220
1837110;RAKOVICA;16.08.2025;18.08.2025;WOMA;5000.00;5000
1837111;STARI GRAD;16.08.2025;18.08.2025;SAJLA;9220.00;9220
1837113;SAVSKI VENAC;16.08.2025;18.08.2025;SAJLA;14220.00;14220
1837112;SAVSKI VENAC;16.08.2025;18.08.2025;SAJLA;13300.00;13300
1837114;PALILULA;16.08.2025;18.08.2025;SAJLA;9220.00;9220
1837116;ZVEZDARA;16.08.2025;18.08.2025;SAJLA;9220.00;9220
1837117;STARI GRAD;16.08.2025;18.08.2025;ZAMENA;4726.00;4726
1837118;ČUKARICA;16.08.2025;19.08.2025;SAJLA;14173.00;14173
1837119;NOVI BEOGRAD;16.08.2025;18.08.2025;LOKALNO;4600.00;4600
1837120;PALILULA;16.08.2025;18.08.2025;WOMA;29500.00;29500
1837121;SAVSKI VENAC;16.08.2025;18.08.2025;WOMA;30100.00;30100
1837123;SAVSKI VENAC;16.08.2025;18.08.2025;SAJLA;9220.00;9220
1837125;NOVI BEOGRAD;16.08.2025;20.08.2025;LOKALNO;4600.00;4600
1837126;PALILULA;16.08.2025;18.08.2025;SAJLA;11520.00;11520
1837127;ČUKARICA;16.08.2025;18.08.2025;WOMA;5000.00;5000
1837128;ZVEZDARA;17.08.2025;18.08.2025;SAJLA;14220.00;14220
1837129;VOŽDOVAC;17.08.2025;18.08.2025;SAJLA;14220.00;14220
1837131;RAKOVICA;17.08.2025;20.08.2025;ZAMENA;18902.30;18902.3
1837133;PALILULA;17.08.2025;18.08.2025;WOMA;22100.00;22100
1837135;NOVI BEOGRAD;17.08.2025;18.08.2025;WOMA;25500.00;25500
1837134;VOŽDOVAC;17.08.2025;18.08.2025;WOMA;22100.00;22100
1837136;ČUKARICA;17.08.2025;18.08.2025;SAJLA;16220.00;16220
1837137;RAKOVICA;17.08.2025;18.08.2025;SAJLA;14220.00;14220
1837138;ZEMUN;17.08.2025;18.08.2025;LOKALNO;4600.00;4600
1837139;RAKOVICA;17.08.2025;18.08.2025;SAJLA;9220.00;9220
1837140;PALILULA;17.08.2025;18.08.2025;SAJLA;15904.00;15904
1837141;NOVI BEOGRAD;17.08.2025;18.08.2025;SAJLA;16220.00;16220
1837142;RAKOVICA;17.08.2025;19.08.2025;SAJLA;9220.00;9220
1837143;PALILULA;17.08.2025;26.08.2025;SAJLA;8300.00;8300
1837144;PALILULA;18.08.2025;21.08.2025;ZAMENA;15447.10;15447.1
1837161;PALILULA;18.08.2025;18.08.2025;WOMA;25500.00;25500
1837172;VOŽDOVAC;18.08.2025;19.08.2025;SAJLA;9220.00;9220
1837175;VOŽDOVAC;18.08.2025;19.08.2025;SAJLA;9220.00;9220
1837174;VOŽDOVAC;18.08.2025;19.08.2025;LOKALNO;2300.00;2300
1837150;NOVI BEOGRAD;18.08.2025;19.08.2025;SAJLA;16220.00;16220
1837179;STARI GRAD;18.08.2025;22.08.2025;ZAMENA;4714.00;7014
1837157;ZEMUN;18.08.2025;27.08.2025;ZAMENA;42639.00;42639
1837167;NOVI BEOGRAD;18.08.2025;19.08.2025;LOKALNO;4600.00;4600
1837148;RAKOVICA;18.08.2025;19.08.2025;SAJLA;9220.00;9220
1837189;ZEMUN;18.08.2025;19.08.2025;SAJLA;9220.00;9220
1837216;VOŽDOVAC;18.08.2025;27.08.2025;LOKALNO;4600.00;4600
1837218;VOŽDOVAC;18.08.2025;27.08.2025;ZAMENA;11293.20;11293.2
1837202;PALILULA;18.08.2025;29.08.2025;LOKALNO;4600.00;4600
1837147;VOŽDOVAC;18.08.2025;22.08.2025;ZAMENA;8273.00;8708
1837239;ZEMUN;18.08.2025;19.08.2025;SAJLA;9220.00;9220
1837253;NOVI BEOGRAD;18.08.2025;19.08.2025;SAJLA;9300.00;9300
1837251;ČUKARICA;18.08.2025;19.08.2025;ZAMENA;5872.80;5872.8
1837248;ČUKARICA;18.08.2025;25.08.2025;ZAMENA;41986.00;41986
1837240;RAKOVICA;18.08.2025;20.08.2025;ZAMENA;10900.00;10900
1837265;SAVSKI VENAC;18.08.2025;22.08.2025;WOMA;29500.00;29500
1837263;NOVI BEOGRAD;18.08.2025;25.08.2025;LOKALNO;4600.00;4600
1837168;ZVEZDARA;18.08.2025;28.08.2025;ZAMENA;12334.40;12334.4
1837262;ČUKARICA;18.08.2025;19.08.2025;SAJLA;10140.00;10140
1837281;NOVI BEOGRAD;18.08.2025;29.08.2025;ZAMENA;75981.00;75981
1837285;NOVI BEOGRAD;18.08.2025;19.08.2025;WOMA;5000.00;5000
1837146;ZEMUN;18.08.2025;19.08.2025;LOKALNO;2300.00;2300
1837301;NOVI BEOGRAD;18.08.2025;19.08.2025;SAJLA;9220.00;9220
1837303;ZEMUN;18.08.2025;19.08.2025;SAJLA;9220.00;9220
1837257;ČUKARICA;18.08.2025;19.08.2025;SAJLA;15300.00;15300
1837316;RAKOVICA;18.08.2025;19.08.2025;SAJLA;15300.00;15300
1837259;VRAČAR;18.08.2025;19.08.2025;SAJLA;16220.00;16220
1837329;ČUKARICA;18.08.2025;21.08.2025;ZAMENA;34092.20;34092.2
1837311;ZVEZDARA;18.08.2025;19.08.2025;ZAMENA;23622.40;23622.4
1837353;STARI GRAD;18.08.2025;20.08.2025;LOKALNO;4600.00;4600
1837339;STARI GRAD;18.08.2025;20.08.2025;LOKALNO;4600.00;4600
1837314;STARI GRAD;18.08.2025;20.08.2025;SAJLA;9220.00;9220
1837330;STARI GRAD;18.08.2025;19.08.2025;LOKALNO;4600.00;4600
1837370;VOŽDOVAC;18.08.2025;19.08.2025;WOMA;33500.00;33500
1837355;NOVI BEOGRAD;18.08.2025;21.08.2025;LOKALNO;4600.00;4600
1837331;ČUKARICA;18.08.2025;19.08.2025;LOKALNO;4600.00;4600
1837354;ČUKARICA;18.08.2025;19.08.2025;SAJLA;9220.00;9220
1837352;ZVEZDARA;18.08.2025;20.08.2025;ZAMENA;27684.80;27684.8
1837341;VRAČAR;18.08.2025;20.08.2025;ZAMENA;9949.20;9949.2
1837350;VRAČAR;18.08.2025;27.08.2025;ZAMENA;7287.20;7287.2
1837393;VOŽDOVAC;18.08.2025;22.08.2025;LOKALNO;4600.00;4600
1837389;VOŽDOVAC;18.08.2025;27.08.2025;LOKALNO;2300.00;2300
1837392;ZEMUN;18.08.2025;26.08.2025;WOMA;21500.00;21500
1837410;VOŽDOVAC;18.08.2025;19.08.2025;LOKALNO;4600.00;4600
1837406;ZVEZDARA;18.08.2025;19.08.2025;SAJLA;9220.00;9220
1837348;ZVEZDARA;18.08.2025;19.08.2025;WOMA;20300.00;20300
1837304;ZVEZDARA;18.08.2025;22.08.2025;ZAMENA;18945.80;18945.800000000003
1837395;RAKOVICA;18.08.2025;20.08.2025;ZAMENA;12631.40;12631.4
1837391;STARI GRAD;18.08.2025;27.08.2025;KOPANJE;22415.10;22415.1
1837409;STARI GRAD;18.08.2025;20.08.2025;ZAMENA;26436.80;26436.8
1837419;SAVSKI VENAC;18.08.2025;29.08.2025;ZAMENA;31065.60;31065.6
1837418;RAKOVICA;18.08.2025;19.08.2025;LOKALNO;4600.00;4600
1837417;ZEMUN;18.08.2025;19.08.2025;SAJLA;16220.00;16220
1837413;ZEMUN;18.08.2025;21.08.2025;SAJLA;9300.00;9300
1837415;VOŽDOVAC;18.08.2025;19.08.2025;LOKALNO;4600.00;4600
1837420;STARI GRAD;18.08.2025;20.08.2025;LOKALNO;4600.00;4600
1837400;ČUKARICA;18.08.2025;21.08.2025;SAJLA;18946.00;18946
1837414;ČUKARICA;18.08.2025;19.08.2025;SAJLA;8300.00;8300
1837424;ČUKARICA;18.08.2025;20.08.2025;LOKALNO;4600.00;4600
1837429;NOVI BEOGRAD;19.08.2025;19.08.2025;SAJLA;9220.00;9220
1837421;ZEMUN;19.08.2025;19.08.2025;SAJLA;9220.00;9220
1837427;VOŽDOVAC;19.08.2025;19.08.2025;SAJLA;9220.00;9220
1837447;VOŽDOVAC;19.08.2025;19.08.2025;SAJLA;16220.00;16220
1837425;ZVEZDARA;19.08.2025;19.08.2025;SAJLA;14220.00;14220
1837430;ČUKARICA;19.08.2025;28.08.2025;ZAMENA;9664.20;9664.2
1837443;ČUKARICA;19.08.2025;27.08.2025;ZAMENA;16093.60;16093.6
1837449;ČUKARICA;19.08.2025;20.08.2025;LOKALNO;4600.00;4600
1837441;NOVI BEOGRAD;19.08.2025;21.08.2025;WOMA;29500.00;29500
1837460;NOVI BEOGRAD;19.08.2025;26.08.2025;ZAMENA;54388.60;54388.6
1837471;NOVI BEOGRAD;19.08.2025;25.08.2025;WOMA;9000.00;9000
1837480;NOVI BEOGRAD;19.08.2025;21.08.2025;SAJLA;10140.00;10140
1837428;RAKOVICA;19.08.2025;20.08.2025;WOMA;5000.00;5000
1837477;ZVEZDARA;19.08.2025;19.08.2025;WOMA;25500;25500
1837484;ZVEZDARA;19.08.2025;20.08.2025;SAJLA;9220.00;9220
1837431;RAKOVICA;19.08.2025;19.08.2025;LOKALNO;4600.00;4600
1837426;VRAČAR;19.08.2025;20.08.2025;LOKALNO;4600.00;4600
1837423;RAKOVICA;19.08.2025;20.08.2025;SAJLA;12440.00;12440
1837502;VOŽDOVAC;19.08.2025;20.08.2025;SAJLA;9220.00;9220
1837519;SAVSKI VENAC;19.08.2025;29.08.2025;ZAMENA;92932.20;92932.2
1837522;VRAČAR;19.08.2025;20.08.2025;LOKALNO;4600.00;4600
1837524;NOVI BEOGRAD;19.08.2025;21.08.2025;ZAMENA;20740.00;20740
1837518;ČUKARICA;19.08.2025;20.08.2025;LOKALNO;4600.00;4600
1837531;VRAČAR;19.08.2025;20.08.2025;SAJLA;9220.00;9220
1837534;ČUKARICA;19.08.2025;20.08.2025;SAJLA;15300.00;15300
1837532;VOŽDOVAC;19.08.2025;19.08.2025;SAJLA;14220.00;14220
1837504;STARI GRAD;19.08.2025;29.08.2025;ZAMENA;195299.00;200049
1837535;NOVI BEOGRAD;19.08.2025;25.08.2025;LOKALNO;4600.00;4600
1837543;ČUKARICA;19.08.2025;27.08.2025;ZAMENA;13925.60;13925.6
1837549;VOŽDOVAC;19.08.2025;21.08.2025;WOMA;25500.00;25500
1837550;VOŽDOVAC;19.08.2025;20.08.2025;ZAMENA;4726.00;4726
1837553;VOŽDOVAC;19.08.2025;27.08.2025;LOKALNO;4600.00;4600
1837556;SAVSKI VENAC;19.08.2025;29.08.2025;ZAMENA;23520.60;23520.6
1837559;VOŽDOVAC;19.08.2025;22.08.2025;ZAMENA;18532.40;18532.4
1837555;PALILULA;19.08.2025;21.08.2025;SAJLA;14220.00;16220
1837551;STARI GRAD;19.08.2025;22.08.2025;ZAMENA;5808.00;5808
1837561;ZVEZDARA;19.08.2025;21.08.2025;ZAMENA;7458.40;7458.4
1837581;VOŽDOVAC;19.08.2025;31.08.2025;ZAMENA;81864.80;85364.8
1837584;RAKOVICA;19.08.2025;20.08.2025;ZAMENA;7591.00;7591
1837598;SAVSKI VENAC;19.08.2025;29.08.2025;LOKALNO;4600.00;4600
1837591;VOŽDOVAC;19.08.2025;27.08.2025;SAJLA;9220.00;9220
1837596;PALILULA;19.08.2025;21.08.2025;ZAMENA;5138.00;5138
1837600;PALILULA;19.08.2025;20.08.2025;SAJLA;9220.00;9220
1837602;VRAČAR;19.08.2025;21.08.2025;LOKALNO;4600.00;4600
1837621;SAVSKI VENAC;19.08.2025;29.08.2025;ZAMENA;64885.20;64885.2
1837626;VOŽDOVAC;19.08.2025;20.08.2025;ZAMENA;7136.00;7136
1837623;PALILULA;19.08.2025;27.08.2025;KOPANJE;62986.60;69705.6
1837592;STARI GRAD;19.08.2025;21.08.2025;LOKALNO;4600.00;4600
1837633;ZVEZDARA;19.08.2025;22.08.2025;ZAMENA;41335.20;41335.200000000004
1837557;ZVEZDARA;19.08.2025;20.08.2025;SAJLA;9220.00;9220
1837620;ČUKARICA;19.08.2025;20.08.2025;LOKALNO;4600.00;4600
1837650;RAKOVICA;19.08.2025;20.08.2025;LOKALNO;4600.00;4600
1837651;ČUKARICA;19.08.2025;21.08.2025;SAJLA;9220.00;9220
1837654;PALILULA;19.08.2025;21.08.2025;LOKALNO;4600.00;4600
1837674;NOVI BEOGRAD;20.08.2025;21.08.2025;ZAMENA;6380.60;6380.6
1837677;NOVI BEOGRAD;20.08.2025;21.08.2025;SAJLA;16220.00;16220
1837679;RAKOVICA;20.08.2025;22.08.2025;SAJLA;14220.00;16220
1837657;PALILULA;20.08.2025;21.08.2025;SAJLA;9220.00;9220
1837689;ČUKARICA;20.08.2025;22.08.2025;ZAMENA;30027.80;30027.8
1837703;NOVI BEOGRAD;20.08.2025;25.08.2025;LOKALNO;4600.00;4600
1837705;ZEMUN;20.08.2025;21.08.2025;SAJLA;16220.00;16220
1837706;SAVSKI VENAC;20.08.2025;20.08.2025;LOKALNO;4600.00;4600
1837701;PALILULA;20.08.2025;27.08.2025;ZAMENA;22917.20;22917.2
1837658;VOŽDOVAC;20.08.2025;21.08.2025;LOKALNO;4600.00;4600
1837698;VOŽDOVAC;20.08.2025;27.08.2025;ZAMENA;88415.20;88415.2
1837720;PALILULA;20.08.2025;22.08.2025;LOKALNO;4600.00;4600
1837727;NOVI BEOGRAD;20.08.2025;25.08.2025;ZAMENA;4761.00;4761
1837656;STARI GRAD;20.08.2025;21.08.2025;LOKALNO;4600.00;4600
1837744;PALILULA;20.08.2025;21.08.2025;SAJLA;9220.00;9220
1837759;VOŽDOVAC;20.08.2025;26.08.2025;LOKALNO;4600.00;4600
1837724;ZVEZDARA;20.08.2025;21.08.2025;SAJLA;9220.00;9220
1837751;NOVI BEOGRAD;20.08.2025;25.08.2025;LOKALNO;4600.00;4600
1837749;NOVI BEOGRAD;20.08.2025;26.08.2025;ZAMENA;36901.80;36901.8
1837777;ČUKARICA;20.08.2025;22.08.2025;ZAMENA;10316.80;10316.8
1837778;VRAČAR;20.08.2025;27.08.2025;ZAMENA;86175.60;86175.6
1837776;RAKOVICA;20.08.2025;21.08.2025;SAJLA;9220.00;9220
1837771;VRAČAR;20.08.2025;21.08.2025;LOKALNO;4600.00;4600
1837754;VRAČAR;20.08.2025;21.08.2025;LOKALNO;4600.00;4600
1837762;VOŽDOVAC;20.08.2025;21.08.2025;LOKALNO;4600.00;4600
1837761;ZEMUN;20.08.2025;29.08.2025;ZAMENA;42896.20;77820
1837772;NOVI BEOGRAD;20.08.2025;25.08.2025;LOKALNO;4600.00;4600
1837780;SAVSKI VENAC;20.08.2025;21.08.2025;SAJLA;15300.00;15300
1837770;SAVSKI VENAC;20.08.2025;21.08.2025;ZAMENA;5440.00;5440
1837773;SAVSKI VENAC;20.08.2025;21.08.2025;LOKALNO;4600.00;4600
1837792;PALILULA;20.08.2025;27.08.2025;ZAMENA;35507.00;35507
1837756;ZVEZDARA;20.08.2025;21.08.2025;ZAMENA;13816.40;13816.4
1837795;NOVI BEOGRAD;20.08.2025;26.08.2025;ZAMENA;41084.60;41084.600000000006
1837794;STARI GRAD;20.08.2025;29.08.2025;ZAMENA;7458.40;9758.4
1837796;VOŽDOVAC;20.08.2025;21.08.2025;SAJLA;9220.00;9220
1837797;ČUKARICA;20.08.2025;26.08.2025;LOKALNO;4600.00;4600
1837798;PALILULA;20.08.2025;25.08.2025;LOKALNO;4600.00;4600
1837799;ČUKARICA;20.08.2025;26.08.2025;LOKALNO;4600.00;4600
1837805;SAVSKI VENAC;20.08.2025;22.08.2025;LOKALNO;4600.00;4600
1837802;NOVI BEOGRAD;20.08.2025;29.08.2025;KOPANJE;61997.30;61997.3
1837801;STARI GRAD;20.08.2025;21.08.2025;LOKALNO;4600.00;4600
1837825;NOVI BEOGRAD;20.08.2025;26.08.2025;ZAMENA;20971.80;20971.8
1837803;ZVEZDARA;20.08.2025;29.08.2025;WOMA;133801.00;133801
1837821;VRAČAR;20.08.2025;21.08.2025;LOKALNO;4600.00;4600
1837824;ČUKARICA;20.08.2025;20.08.2025;ZAMENA;11300.00;11300
1837827;ČUKARICA;20.08.2025;21.08.2025;SAJLA;9220.00;9220
1837837;NOVI BEOGRAD;20.08.2025;25.08.2025;LOKALNO;4600.00;4600
1837844;VOŽDOVAC;20.08.2025;27.08.2025;ZAMENA;14991.60;14991.6
1837843;VOŽDOVAC;20.08.2025;26.08.2025;ZAMENA;48972.60;48972.6
1837681;ZVEZDARA;20.08.2025;29.08.2025;ZAMENA;14436.00;14436
1837860;ZEMUN;20.08.2025;25.08.2025;LOKALNO;4600.00;4600
1837865;SAVSKI VENAC;20.08.2025;21.08.2025;SAJLA;9220.00;9220
1837861;STARI GRAD;20.08.2025;21.08.2025;LOKALNO;4600.00;4600
1837863;VOŽDOVAC;20.08.2025;21.08.2025;WOMA;17500.00;17500
1837841;ČUKARICA;20.08.2025;22.08.2025;LOKALNO;4600.00;4600
1837870;VOŽDOVAC;20.08.2025;22.08.2025;SAJLA;14220.00;16220
1837871;ČUKARICA;20.08.2025;27.08.2025;ZAMENA;7960.60;7960.6
1837875;VOŽDOVAC;20.08.2025;27.08.2025;LOKALNO;4600.00;4600
1837872;RAKOVICA;20.08.2025;22.08.2025;SAJLA;14220.00;16220
1837876;ČUKARICA;20.08.2025;21.08.2025;SAJLA;9220.00;9220
1837878;ČUKARICA;21.08.2025;21.08.2025;WOMA;25500.00;25500
1837888;STARI GRAD;21.08.2025;22.08.2025;SAJLA;10140.00;10140
1837897;NOVI BEOGRAD;21.08.2025;25.08.2025;WOMA;25500.00;25500
1837886;NOVI BEOGRAD;21.08.2025;25.08.2025;SAJLA;9220.00;9220
1837910;SAVSKI VENAC;21.08.2025;22.08.2025;SAJLA;9220.00;9220
1837906;ZVEZDARA;21.08.2025;21.08.2025;SAJLA;9220.00;9220
1837935;ČUKARICA;21.08.2025;21.08.2025;SAJLA;15300.00;15300
1837936;NOVI BEOGRAD;21.08.2025;29.08.2025;ZAMENA;18761.70;18761.7
1837946;ZEMUN;21.08.2025;29.08.2025;ZAMENA;27171.20;28891.2
1837941;NOVI BEOGRAD;21.08.2025;27.08.2025;ZAMENA;26300.00;26300
1837945;ZEMUN;21.08.2025;25.08.2025;WOMA;17500.00;17500
1837933;ZVEZDARA;21.08.2025;25.08.2025;ZAMENA;11300.00;11300
1837939;ZVEZDARA;21.08.2025;22.08.2025;WOMA;17500.00;17500
1837959;STARI GRAD;21.08.2025;22.08.2025;WOMA;25500.00;25500
1837948;ČUKARICA;21.08.2025;22.08.2025;SAJLA;9220.00;9220
1837952;ČUKARICA;21.08.2025;22.08.2025;ZAMENA;21543.55;21543.55
1837950;ČUKARICA;21.08.2025;29.08.2025;LOKALNO;4600.00;4600
1837970;ČUKARICA;21.08.2025;25.08.2025;SAJLA;11060.00;11060
1837971;STARI GRAD;21.08.2025;26.08.2025;LOKALNO;4600.00;4600
1837976;RAKOVICA;21.08.2025;22.08.2025;SAJLA;16220.00;16220
1837977;ČUKARICA;21.08.2025;22.08.2025;SAJLA;9220.00;9220
1837980;VOŽDOVAC;21.08.2025;22.08.2025;SAJLA;9220.00;9220
1837988;VRAČAR;21.08.2025;26.08.2025;WOMA;33800.00;33800
1837985;VRAČAR;21.08.2025;22.08.2025;LOKALNO;4600.00;4600
1837989;ČUKARICA;21.08.2025;27.08.2025;SAJLA;11520.00;11520
1837986;ČUKARICA;21.08.2025;22.08.2025;SAJLA;15300.00;15300
1837997;ZEMUN;21.08.2025;25.08.2025;WOMA;33500.00;33500
1837990;VOŽDOVAC;21.08.2025;27.08.2025;LOKALNO;4600.00;4600
1837984;PALILULA;21.08.2025;27.08.2025;SAJLA;9220.00;9220
1838024;PALILULA;21.08.2025;22.08.2025;SAJLA;14300.00;14300
1838020;PALILULA;21.08.2025;28.08.2025;LOKALNO;4600.00;4600
1838035;ČUKARICA;21.08.2025;22.08.2025;SAJLA;9220.00;9220
1838029;RAKOVICA;21.08.2025;26.08.2025;WOMA;21500.00;21500
1838028;RAKOVICA;21.08.2025;26.08.2025;ZAMENA;5520.00;5520
1838032;VOŽDOVAC;21.08.2025;25.08.2025;LOKALNO;4600.00;4600
1838062;NOVI BEOGRAD;21.08.2025;29.08.2025;WOMA;92179.20;92179.2
1838077;VOŽDOVAC;21.08.2025;27.08.2025;ZAMENA;18500.00;18500
1838069;VRAČAR;21.08.2025;22.08.2025;WOMA;25500.00;25500
1838074;VRAČAR;21.08.2025;22.08.2025;WOMA;25500.00;25500
1838079;VRAČAR;21.08.2025;22.08.2025;WOMA;25500.00;25500
1838065;ZVEZDARA;21.08.2025;22.08.2025;WOMA;17500.00;17500
1838080;ZVEZDARA;21.08.2025;25.08.2025;ZAMENA;4521.00;4521
1838038;NOVI BEOGRAD;21.08.2025;26.08.2025;ZAMENA;32354.80;32354.8
1838053;ZEMUN;21.08.2025;25.08.2025;WOMA;42600.00;42600
1838055;ZEMUN;21.08.2025;25.08.2025;LOKALNO;4600.00;4600
1838061;NOVI BEOGRAD;21.08.2025;25.08.2025;LOKALNO;4600.00;4600
1838060;RAKOVICA;21.08.2025;27.08.2025;SAJLA;11410.00;11410
1838086;ZEMUN;21.08.2025;25.08.2025;SAJLA;9300.00;9300
1838051;RAKOVICA;21.08.2025;28.08.2025;ZAMENA;48030.40;48030.4
1838087;VOŽDOVAC;21.08.2025;26.08.2025;SAJLA;16220.00;16220
1838093;STARI GRAD;22.08.2025;25.08.2025;SAJLA;9220.00;9220
1838046;ZVEZDARA;22.08.2025;28.08.2025;ZAMENA;48197.00;48197
1838117;PALILULA;22.08.2025;25.08.2025;LOKALNO;4600.00;4600
1838115;NOVI BEOGRAD;22.08.2025;25.08.2025;WOMA;25500.00;25500
1838099;ČUKARICA;22.08.2025;27.08.2025;WOMA;5000.00;5000
1838110;NOVI BEOGRAD;22.08.2025;25.08.2025;WOMA;25800.00;25800
1838106;SAVSKI VENAC;22.08.2025;29.08.2025;ZAMENA;26345.30;26345.3
1838120;ČUKARICA;22.08.2025;26.08.2025;LOKALNO;4600.00;4600
1838150;NOVI BEOGRAD;22.08.2025;25.08.2025;ZAMENA;25487.30;25487.3
1838149;VOŽDOVAC;22.08.2025;28.08.2025;ZAMENA;38316.80;38316.8
1838151;PALILULA;22.08.2025;25.08.2025;WOMA;25500.00;25500
1838165;ZEMUN;22.08.2025;27.08.2025;LOKALNO;6900.00;6900
1838166;ZEMUN;22.08.2025;26.08.2025;WOMA;21500.00;21500
1838167;ZEMUN;22.08.2025;25.08.2025;LOKALNO;4600.00;4600
1838172;STARI GRAD;22.08.2025;29.08.2025;ZAMENA;32694.20;36171.200000000004
1838135;STARI GRAD;22.08.2025;26.08.2025;LOKALNO;4600.00;4600
1838174;SAVSKI VENAC;22.08.2025;27.08.2025;ZAMENA;15163.20;15163.2
1838168;ČUKARICA;22.08.2025;25.08.2025;SAJLA;9220.00;9220
1838181;PALILULA;22.08.2025;25.08.2025;WOMA;25500.00;25500
1838171;ZVEZDARA;22.08.2025;25.08.2025;SAJLA;9220.00;9220
1838176;RAKOVICA;22.08.2025;25.08.2025;SAJLA;9220.00;9220
1838201;ZEMUN;22.08.2025;25.08.2025;LOKALNO;4600.00;4600
1838204;ZVEZDARA;22.08.2025;27.08.2025;ZAMENA;41719.80;41719.8
1838191;STARI GRAD;22.08.2025;29.08.2025;LOKALNO;4600.00;4600
1838227;ČUKARICA;22.08.2025;28.08.2025;LOKALNO;4600.00;4600
1838203;ČUKARICA;22.08.2025;27.08.2025;ZAMENA;5138.00;5138
1838206;RAKOVICA;22.08.2025;26.08.2025;SAJLA;9220.00;9220
1838225;RAKOVICA;22.08.2025;26.08.2025;LOKALNO;4600.00;4600
1838224;SAVSKI VENAC;22.08.2025;27.08.2025;LOKALNO;4600.00;4600
1838226;NOVI BEOGRAD;22.08.2025;25.08.2025;SAJLA;10852.00;10852
1838235;NOVI BEOGRAD;22.08.2025;25.08.2025;SAJLA;16220.00;16220
1838237;PALILULA;22.08.2025;25.08.2025;SAJLA;16220.00;16220
1838241;NOVI BEOGRAD;22.08.2025;25.08.2025;SAJLA;8300.00;8300
1838246;ZVEZDARA;22.08.2025;25.08.2025;SAJLA;9220.00;9220
1838247;NOVI BEOGRAD;22.08.2025;29.08.2025;ZAMENA;46854.50;46854.5
1838248;ZVEZDARA;22.08.2025;25.08.2025;SAJLA;9220.00;9220
1838250;NOVI BEOGRAD;22.08.2025;25.08.2025;SAJLA;16220.00;16220
1838251;ČUKARICA;22.08.2025;25.08.2025;WOMA;17500.00;17500
1838252;NOVI BEOGRAD;22.08.2025;25.08.2025;SAJLA;9300.00;9300
1838253;ČUKARICA;22.08.2025;29.08.2025;WOMA;17500.00;17500
1838256;NOVI BEOGRAD;22.08.2025;29.08.2025;ZAMENA;37056.60;37056.6
1838257;VOŽDOVAC;23.08.2025;25.08.2025;SAJLA;12440.00;12440
1838259;VRAČAR;23.08.2025;25.08.2025;SAJLA;9220.00;9220
1838266;VOŽDOVAC;23.08.2025;29.08.2025;ZAMENA;28644.80;28644.8
1838262;ZEMUN;23.08.2025;29.08.2025;ZAMENA;17963.80;17963.8
1838261;RAKOVICA;23.08.2025;27.08.2025;WOMA;29500.00;29500
1838263;PALILULA;23.08.2025;25.08.2025;SAJLA;9220.00;9220
1838268;ZVEZDARA;23.08.2025;25.08.2025;SAJLA;9220.00;9220
1838269;RAKOVICA;23.08.2025;25.08.2025;SAJLA;16220.00;16220
1838272;ZVEZDARA;23.08.2025;26.08.2025;SAJLA;15300.00;15300
1838273;ZVEZDARA;23.08.2025;26.08.2025;WOMA;17500.00;17500
1838271;NOVI BEOGRAD;23.08.2025;26.08.2025;LOKALNO;4600.00;4600
1838274;RAKOVICA;23.08.2025;26.08.2025;SAJLA;16220.00;16220
1838278;ZVEZDARA;23.08.2025;25.08.2025;WOMA;30100.00;30100
1838277;ZVEZDARA;23.08.2025;25.08.2025;SAJLA;9220.00;9220
1838279;NOVI BEOGRAD;23.08.2025;25.08.2025;SAJLA;9220.00;9220
1838282;ČUKARICA;23.08.2025;25.08.2025;WOMA;25500.00;25500
1838281;PALILULA;23.08.2025;27.08.2025;WOMA;17500.00;17500
1838280;NOVI BEOGRAD;23.08.2025;26.08.2025;WOMA;25500.00;25500
1838283;ČUKARICA;23.08.2025;26.08.2025;WOMA;26720.00;26720
1838289;RAKOVICA;23.08.2025;26.08.2025;SAJLA;8300.00;8300
1838287;NOVI BEOGRAD;23.08.2025;25.08.2025;SAJLA;9220.00;9220
1838286;ČUKARICA;23.08.2025;26.08.2025;SAJLA;9220.00;9220
1838285;ZEMUN;23.08.2025;28.08.2025;WOMA;25500.00;25500
1838284;ZEMUN;23.08.2025;26.08.2025;WOMA;33500.00;33500
1838290;ZVEZDARA;23.08.2025;25.08.2025;WOMA;33500.00;33500
1838291;NOVI BEOGRAD;23.08.2025;29.08.2025;LOKALNO;4600.00;4600
1838294;ČUKARICA;23.08.2025;27.08.2025;SAJLA;9220.00;9220
1838295;ZVEZDARA;23.08.2025;25.08.2025;WOMA;25500.00;25500
1838296;PALILULA;23.08.2025;26.08.2025;ZAMENA;5195.20;5195.2
1838297;ČUKARICA;23.08.2025;25.08.2025;ZAMENA;5520.00;5520
1838298;PALILULA;23.08.2025;27.08.2025;SAJLA;14220.00;16220
1838299;NOVI BEOGRAD;23.08.2025;26.08.2025;SAJLA;15220.00;15220
1838300;ČUKARICA;23.08.2025;25.08.2025;SAJLA;9220.00;9220
1838301;STARI GRAD;23.08.2025;29.08.2025;WOMA;21500.00;21500
1838302;VRAČAR;23.08.2025;25.08.2025;SAJLA;16220.00;16220
1838305;ČUKARICA;23.08.2025;26.08.2025;SAJLA;15300.00;15300
1838303;ZVEZDARA;23.08.2025;26.08.2025;ZAMENA;6814.00;6814
1838316;SAVSKI VENAC;24.08.2025;25.08.2025;SAJLA;9220.00;9220
1838315;SAVSKI VENAC;24.08.2025;25.08.2025;SAJLA;14220.00;16220
1838313;SAVSKI VENAC;24.08.2025;29.08.2025;LOKALNO;4600.00;4600
1838310;NOVI BEOGRAD;24.08.2025;25.08.2025;SAJLA;9220.00;9220
1838319;ZVEZDARA;24.08.2025;25.08.2025;SAJLA;16220.00;16220
1838306;ČUKARICA;24.08.2025;26.08.2025;SAJLA;9220.00;9220
1838309;ČUKARICA;24.08.2025;28.08.2025;SAJLA;9220.00;9220
1838312;VOŽDOVAC;24.08.2025;26.08.2025;WOMA;5000.00;5000
1838318;NOVI BEOGRAD;24.08.2025;25.08.2025;WOMA;25500.00;25500
1838322;RAKOVICA;24.08.2025;26.08.2025;SAJLA;16220.00;16220
1838324;RAKOVICA;24.08.2025;28.08.2025;WOMA;21500.00;21500
1838323;PALILULA;24.08.2025;26.08.2025;SAJLA;8300.00;8300
1838327;ZVEZDARA;24.08.2025;26.08.2025;WOMA;22100.00;22100
1838325;ČUKARICA;24.08.2025;26.08.2025;SAJLA;9220.00;9220
1838329;STARI GRAD;24.08.2025;28.08.2025;ZAMENA;10324.40;10324.4
1838307;NOVI BEOGRAD;24.08.2025;27.08.2025;LOKALNO;4600.00;4600
1838326;ČUKARICA;25.08.2025;27.08.2025;ZAMENA;4726.00;4726
1838311;VOŽDOVAC;25.08.2025;31.08.2025;ZAMENA;86417.50;86417.5
1838308;VOŽDOVAC;25.08.2025;27.08.2025;LOKALNO;4600.00;4600
1838356;VOŽDOVAC;25.08.2025;27.08.2025;ZAMENA;5100.00;5100
1838360;VOŽDOVAC;25.08.2025;31.08.2025;LOKALNO;4600.00;4600
1838389;ČUKARICA;25.08.2025;26.08.2025;SAJLA;9220.00;9220
1838384;PALILULA;25.08.2025;28.08.2025;LOKALNO;4600.00;4600
1838401;VOŽDOVAC;25.08.2025;31.08.2025;LOKALNO;4600.00;4600
1838387;ZVEZDARA;25.08.2025;27.08.2025;SAJLA;16220.00;16220
1838358;NOVI BEOGRAD;25.08.2025;26.08.2025;SAJLA;16220.00;16220
1838367;NOVI BEOGRAD;25.08.2025;26.08.2025;SAJLA;9220.00;9220
1838403;VOŽDOVAC;25.08.2025;29.08.2025;LOKALNO;4600.00;4600
1838404;VOŽDOVAC;25.08.2025;27.08.2025;LOKALNO;4600.00;4600
1838408;STARI GRAD;25.08.2025;28.08.2025;WOMA;26800;26800
1838411;ZVEZDARA;25.08.2025;29.08.2025;ZAMENA;23414.80;23414.8
1838418;NOVI BEOGRAD;25.08.2025;25.08.2025;WOMA;25500.00;25500
1838420;NOVI BEOGRAD;25.08.2025;25.08.2025;WOMA;25500.00;25500
1838422;NOVI BEOGRAD;25.08.2025;25.08.2025;WOMA;25500.00;25500
1838425;NOVI BEOGRAD;25.08.2025;25.08.2025;WOMA;25500.00;25500
1838427;NOVI BEOGRAD;25.08.2025;25.08.2025;WOMA;25500.00;25500
1838435;PALILULA;25.08.2025;26.08.2025;WOMA;25500.00;25500
1838431;RAKOVICA;25.08.2025;26.08.2025;WOMA;5000.00;5000
1838438;ZVEZDARA;25.08.2025;27.08.2025;SAJLA;9220.00;9220
1838451;ZVEZDARA;25.08.2025;26.08.2025;WOMA;25500.00;25500
1838466;ZVEZDARA;25.08.2025;26.08.2025;WOMA;25500.00;25500
1838460;ZVEZDARA;25.08.2025;26.08.2025;WOMA;25500.00;25500
1838456;ZVEZDARA;25.08.2025;26.08.2025;WOMA;25500.00;25500
1838455;NOVI BEOGRAD;25.08.2025;29.08.2025;LOKALNO;4600.00;4600
1838447;ZVEZDARA;25.08.2025;26.08.2025;WOMA;25500.00;25500
1838462;NOVI BEOGRAD;25.08.2025;29.08.2025;SAJLA;9220.00;9220
1838472;ZVEZDARA;25.08.2025;28.08.2025;WOMA;5000.00;5000
1838473;SAVSKI VENAC;25.08.2025;27.08.2025;WOMA;25500.00;25500
1838476;SAVSKI VENAC;25.08.2025;27.08.2025;WOMA;25500.00;25500
1838477;NOVI BEOGRAD;25.08.2025;26.08.2025;SAJLA;16220.00;16220
1838471;ZEMUN;25.08.2025;26.08.2025;WOMA;25500.00;25500
1838470;ZEMUN;25.08.2025;26.08.2025;WOMA;25500.00;25500
1838469;ZEMUN;25.08.2025;26.08.2025;WOMA;25500.00;25500
1838439;RAKOVICA;25.08.2025;28.08.2025;WOMA;25500.00;25500
1838442;RAKOVICA;25.08.2025;28.08.2025;WOMA;25500.00;25500
1838443;RAKOVICA;25.08.2025;28.08.2025;WOMA;25500.00;25500
1838483;ZVEZDARA;25.08.2025;26.08.2025;ZAMENA;5130.80;5130.8
1838479;ČUKARICA;25.08.2025;26.08.2025;WOMA;5000.00;5000
1838464;PALILULA;25.08.2025;26.08.2025;SAJLA;16220.00;16220
1838475;VOŽDOVAC;25.08.2025;27.08.2025;ZAMENA;5808.00;5808
1838480;PALILULA;25.08.2025;28.08.2025;LOKALNO;4600.00;4600
1838508;NOVI BEOGRAD;25.08.2025;29.08.2025;SAJLA;19440.00;19440
1838514;ČUKARICA;25.08.2025;27.08.2025;WOMA;22100.00;22100
1838535;ČUKARICA;25.08.2025;27.08.2025;WOMA;5000.00;5000
1838491;RAKOVICA;25.08.2025;29.08.2025;WOMA;29500.00;29500
1838507;ZVEZDARA;25.08.2025;28.08.2025;SAJLA;9220.00;9220
1838522;RAKOVICA;25.08.2025;28.08.2025;ZAMENA;40565.60;40565.6
1838544;NOVI BEOGRAD;25.08.2025;29.08.2025;LOKALNO;4600.00;4600
1838513;STARI GRAD;25.08.2025;29.08.2025;ZAMENA;6538.40;6538.4
1838504;STARI GRAD;25.08.2025;29.08.2025;ZAMENA;12164.80;12164.8
1838587;ZVEZDARA;25.08.2025;26.08.2025;ZAMENA;8300.00;8300
1838550;ZVEZDARA;25.08.2025;26.08.2025;ZAMENA;33630.00;33630
1838589;VRAČAR;25.08.2025;27.08.2025;SAJLA;9220.00;9220
1838593;NOVI BEOGRAD;25.08.2025;29.08.2025;SAJLA;10140.00;10140
1838591;ČUKARICA;25.08.2025;28.08.2025;SAJLA;9220.00;9220
1838592;NOVI BEOGRAD;25.08.2025;27.08.2025;WOMA;5000.00;5000
1838594;VOŽDOVAC;25.08.2025;27.08.2025;SAJLA;11410.00;11410
1838595;ZEMUN;25.08.2025;29.08.2025;ZAMENA;23507.80;23507.8
1838596;NOVI BEOGRAD;25.08.2025;27.08.2025;SAJLA;9220.00;9220
1838612;ČUKARICA;26.08.2025;26.08.2025;WOMA;25500.00;25500
1838613;ČUKARICA;26.08.2025;26.08.2025;WOMA;25500.00;25500
1838614;ČUKARICA;26.08.2025;26.08.2025;WOMA;25500.00;25500
1838615;ČUKARICA;26.08.2025;26.08.2025;WOMA;25500.00;25500
1838616;ČUKARICA;26.08.2025;26.08.2025;WOMA;25500.00;25500
1838629;VOŽDOVAC;26.08.2025;27.08.2025;LOKALNO;4600.00;4600
1838648;ČUKARICA;26.08.2025;29.08.2025;ZAMENA;11900.00;11900
1838647;ČUKARICA;26.08.2025;27.08.2025;ZAMENA;6104.60;6104.6
1838606;STARI GRAD;26.08.2025;26.08.2025;WOMA;25500.00;25500
1838605;STARI GRAD;26.08.2025;26.08.2025;WOMA;25500.00;25500
1838604;STARI GRAD;26.08.2025;26.08.2025;WOMA;25500.00;25500
1838645;VOŽDOVAC;26.08.2025;29.08.2025;ZAMENA;39519.20;39519.2
1838646;ČUKARICA;26.08.2025;26.08.2025;SAJLA;9220.00;9220
1838600;VOŽDOVAC;26.08.2025;28.08.2025;WOMA;25500.00;25500
1838601;VOŽDOVAC;26.08.2025;28.08.2025;WOMA;25500.00;25500
1838602;VOŽDOVAC;26.08.2025;28.08.2025;WOMA;25500.00;25500
1838603;VOŽDOVAC;26.08.2025;28.08.2025;WOMA;25500.00;25500
1838652;ČUKARICA;26.08.2025;29.08.2025;LOKALNO;4600.00;4600
1838642;NOVI BEOGRAD;26.08.2025;27.08.2025;SAJLA;9220.00;9220
1838680;STARI GRAD;26.08.2025;27.08.2025;SAJLA;14220.00;16220
1838681;NOVI BEOGRAD;26.08.2025;29.08.2025;WOMA;56721.60;56721.6
1838679;STARI GRAD;26.08.2025;29.08.2025;WOMA;21500.00;21500
1838688;ZEMUN;26.08.2025;29.08.2025;LOKALNO;4600.00;4600
1838663;ZVEZDARA;26.08.2025;27.08.2025;SAJLA;9220.00;9220
1838704;NOVI BEOGRAD;26.08.2025;27.08.2025;SAJLA;9220.00;9220
1838714;SAVSKI VENAC;26.08.2025;27.08.2025;SAJLA;8300.00;8300
1838715;NOVI BEOGRAD;26.08.2025;29.08.2025;ZAMENA;7591.00;7591
1838710;ZVEZDARA;26.08.2025;27.08.2025;SAJLA;19440.00;19440
1838717;NOVI BEOGRAD;26.08.2025;29.08.2025;LOKALNO;4600.00;4600
1838719;ZEMUN;26.08.2025;29.08.2025;WOMA;21500.00;21500
1838678;ČUKARICA;26.08.2025;28.08.2025;ZAMENA;19741.40;19741.4
1838729;NOVI BEOGRAD;26.08.2025;29.08.2025;ZAMENA;32923.20;32923.2
1838733;NOVI BEOGRAD;26.08.2025;29.08.2025;ZAMENA;21688.20;21688.2
1838721;VRAČAR;26.08.2025;27.08.2025;SAJLA;16220.00;16220
1838662;ZVEZDARA;26.08.2025;27.08.2025;SAJLA;9220.00;9220
1838720;PALILULA;26.08.2025;27.08.2025;SAJLA;9220.00;16220
1838727;VOŽDOVAC;26.08.2025;27.08.2025;LOKALNO;4600.00;4600
1838718;VRAČAR;26.08.2025;27.08.2025;LOKALNO;4600.00;4600
1838747;SAVSKI VENAC;26.08.2025;27.08.2025;SAJLA;9220.00;9220
1838736;ZEMUN;26.08.2025;29.08.2025;WOMA;5000.00;5000
1838740;NOVI BEOGRAD;26.08.2025;27.08.2025;SAJLA;9220.00;9220
1838755;ZEMUN;26.08.2025;29.08.2025;WOMA;21500.00;21500
1838754;VOŽDOVAC;26.08.2025;27.08.2025;LOKALNO;4600.00;4600
1838766;ZEMUN;26.08.2025;29.08.2025;ZAMENA;35367.60;37667.6
1838743;RAKOVICA;26.08.2025;28.08.2025;ZAMENA;27503.60;27503.600000000002
1838759;ČUKARICA;26.08.2025;27.08.2025;SAJLA;16220.00;16220
1838769;ZVEZDARA;26.08.2025;27.08.2025;SAJLA;16220.00;16220
1838782;NOVI BEOGRAD;26.08.2025;26.08.2025;WOMA;35500.00;35500
1838832;ČUKARICA;26.08.2025;28.08.2025;ZAMENA;5808.00;5808
1838828;NOVI BEOGRAD;26.08.2025;29.08.2025;WOMA;21500.00;21500
1838801;ČUKARICA;26.08.2025;28.08.2025;SAJLA;15300.00;15300
1838829;VOŽDOVAC;26.08.2025;29.08.2025;SAJLA;16220.00;16220
1838838;VOŽDOVAC;26.08.2025;27.08.2025;SAJLA;9220.00;9220
1838841;RAKOVICA;26.08.2025;28.08.2025;SAJLA;9220.00;9220
1838840;NOVI BEOGRAD;26.08.2025;29.08.2025;WOMA;169480.20;169480.2
1838839;ČUKARICA;26.08.2025;28.08.2025;SAJLA;9220.00;9220
1838848;VOŽDOVAC;26.08.2025;29.08.2025;SAJLA;9220.00;9220
1838844;ČUKARICA;26.08.2025;29.08.2025;WOMA;35640.00;35640
1838842;ČUKARICA;26.08.2025;28.08.2025;SAJLA;15300.00;15300
1838850;PALILULA;26.08.2025;29.08.2025;LOKALNO;2300.00;2300
1838849;ZVEZDARA;26.08.2025;28.08.2025;SAJLA;9220.00;9220
1838855;NOVI BEOGRAD;27.08.2025;29.08.2025;SAJLA;9220.00;9220
1838857;RAKOVICA;27.08.2025;28.08.2025;LOKALNO;4600.00;4600
1838853;RAKOVICA;27.08.2025;29.08.2025;ZAMENA;44005.60;44005.6
1838888;NOVI BEOGRAD;27.08.2025;29.08.2025;WOMA;9000.00;9000
1838900;PALILULA;27.08.2025;28.08.2025;WOMA;5000.00;5000
1838896;ČUKARICA;27.08.2025;28.08.2025;LOKALNO;4600.00;4600
1838910;ČUKARICA;27.08.2025;29.08.2025;SAJLA;9300.00;9300
1838915;RAKOVICA;27.08.2025;28.08.2025;WOMA;21500.00;21500
1838856;ZVEZDARA;27.08.2025;28.08.2025;SAJLA;12440.00;12440
1838911;STARI GRAD;27.08.2025;28.08.2025;ZAMENA;6538.40;6538.4
1838919;NOVI BEOGRAD;27.08.2025;29.08.2025;WOMA;21500.00;21500
1838932;STARI GRAD;27.08.2025;29.08.2025;LOKALNO;4600.00;4600
1838933;VOŽDOVAC;27.08.2025;31.08.2025;WOMA;102682.80;102682.8
1838930;ČUKARICA;27.08.2025;29.08.2025;LOKALNO;4600.00;4600
1838944;STARI GRAD;27.08.2025;29.08.2025;LOKALNO;4600.00;4600
1838953;RAKOVICA;27.08.2025;28.08.2025;SAJLA;16932.40;16932.4
1838952;RAKOVICA;27.08.2025;27.08.2025;LOKALNO;4600.00;4600
1838942;ZVEZDARA;27.08.2025;28.08.2025;LOKALNO;4600.00;4600
1838972;ZVEZDARA;27.08.2025;28.08.2025;LOKALNO;4600.00;4600
1838974;PALILULA;27.08.2025;29.08.2025;SAJLA;9220.00;9220
1838929;SAVSKI VENAC;27.08.2025;27.08.2025;WOMA;25500.00;25500
1838931;VOŽDOVAC;27.08.2025;28.08.2025;WOMA;25500.00;25500
1838927;ZVEZDARA;27.08.2025;29.08.2025;ZAMENA;47097.20;47097.2
1838980;NOVI BEOGRAD;27.08.2025;29.08.2025;SAJLA;9220.00;9220
1838979;PALILULA;27.08.2025;29.08.2025;WOMA;14220.00;14220
1838992;SAVSKI VENAC;27.08.2025;29.08.2025;LOKALNO;4600.00;4600
1839009;NOVI BEOGRAD;27.08.2025;29.08.2025;WOMA;21500.00;21500
1839010;ZVEZDARA;27.08.2025;28.08.2025;SAJLA;16220.00;16220
1838998;ČUKARICA;27.08.2025;28.08.2025;SAJLA;15928.00;15928
1839034;ČUKARICA;27.08.2025;28.08.2025;SAJLA;16140.00;16140
1839054;ČUKARICA;27.08.2025;30.08.2025;ZAMENA;56946.90;56946.9
1839014;RAKOVICA;27.08.2025;29.08.2025;LOKALNO;4600.00;4600
1839052;PALILULA;27.08.2025;28.08.2025;LOKALNO;4600.00;4600
1839031;SAVSKI VENAC;27.08.2025;29.08.2025;LOKALNO;4600.00;4600
1839060;PALILULA;27.08.2025;29.08.2025;LOKALNO;4600.00;4600
1839049;ZVEZDARA;27.08.2025;29.08.2025;SAJLA;9220.00;9220
1839067;ČUKARICA;27.08.2025;29.08.2025;SAJLA;9220.00;9220
1839066;ČUKARICA;27.08.2025;29.08.2025;SAJLA;9220.00;9220
1839065;NOVI BEOGRAD;27.08.2025;29.08.2025;WOMA;25500.00;25500
1839068;VOŽDOVAC;27.08.2025;29.08.2025;SAJLA;9220.00;9220
1839070;ZVEZDARA;27.08.2025;29.08.2025;SAJLA;9220.00;9220
1839069;ZVEZDARA;27.08.2025;29.08.2025;WOMA;21500.00;21500
1839071;NOVI BEOGRAD;27.08.2025;29.08.2025;LOKALNO;4600.00;4600
1839074;RAKOVICA;27.08.2025;29.08.2025;SAJLA;9220.00;9220
1839073;VRAČAR;27.08.2025;29.08.2025;LOKALNO;4600.00;4600
1839077;ČUKARICA;27.08.2025;29.08.2025;WOMA;30100.00;30100
1839093;ZEMUN;28.08.2025;29.08.2025;ZAMENA;13671.70;18671.7
1839098;ZEMUN;28.08.2025;29.08.2025;LOKALNO;4600.00;4600
1839104;ZEMUN;28.08.2025;29.08.2025;SAJLA;9220.00;9220
1839099;STARI GRAD;28.08.2025;28.08.2025;LOKALNO;4600.00;4600
1839092;RAKOVICA;28.08.2025;29.08.2025;SAJLA;9220.00;9220
1839081;RAKOVICA;28.08.2025;29.08.2025;SAJLA;9220.00;9220
1839095;ZVEZDARA;28.08.2025;29.08.2025;SAJLA;9220.00;9220
1839152;ČUKARICA;28.08.2025;29.08.2025;SAJLA;9220.00;9220
1839162;NOVI BEOGRAD;28.08.2025;29.08.2025;ZAMENA;5808.00;5808
1839180;ZVEZDARA;28.08.2025;29.08.2025;ZAMENA;9843.50;9843.5
1839181;VRAČAR;28.08.2025;29.08.2025;SAJLA;16220.00;16220
1839195;NOVI BEOGRAD;28.08.2025;29.08.2025;WOMA;26720.00;26720
1839182;STARI GRAD;28.08.2025;29.08.2025;SAJLA;9220.00;9220
1839265;ZVEZDARA;28.08.2025;29.08.2025;ZAMENA;4726.00;4726
1839290;ČUKARICA;28.08.2025;29.08.2025;SAJLA;15300.00;15300
1839288;VOŽDOVAC;28.08.2025;31.08.2025;ZAMENA;43653.60;43653.6
1839293;ČUKARICA;28.08.2025;29.08.2025;SAJLA;9220.00;9220
1839301;ČUKARICA;28.08.2025;29.08.2025;SAJLA;8300.00;8300
1839302;VOŽDOVAC;28.08.2025;29.08.2025;SAJLA;9220.00;9220
1839292;STARI GRAD;29.08.2025;29.08.2025;ZAMENA;11300.00;11300
1839305;ČUKARICA;29.08.2025;29.08.2025;SAJLA;16220.00;16220
1839304;RAKOVICA;29.08.2025;29.08.2025;WOMA;9000.00;9000
1839294;NOVI BEOGRAD;29.08.2025;29.08.2025;LOKALNO;4600.00;4600
1839322;NOVI BEOGRAD;29.08.2025;29.08.2025;SAJLA;9220.00;9220
1839329;RAKOVICA;29.08.2025;29.08.2025;WOMA;9000.00;9000
1839332;ZVEZDARA;29.08.2025;29.08.2025;LOKALNO;4600.00;4600
1839343;ZVEZDARA;29.08.2025;29.08.2025;SAJLA;9220.00;9220
1839449;ZVEZDARA;29.08.2025;29.08.2025;WOMA;33000.00;33000
